seller_id,seller_state,state_name,country,order_count,on_time_delivery_pct,late_order_pct,avg_review_score,meets_min_orders
1352e06ae67b410cdae0b2a22361167b,RJ,Rio de Janeiro,Brazil,2,0.0,100.0,3.0,false
685b870da5b52a710782c9c0fefbeb5b,SP,Sao Paulo,Brazil,2,0.0,100.0,2.0,false
be1e9e378700cecaa4ebf71433d7915c,SP,Sao Paulo,Brazil,2,0.0,100.0,3.0,false
d8dd176509baa37f359644d082bf7f7b,SP,Sao Paulo,Brazil,2,0.0,100.0,1.5,false
e5bd51692380fd8cabb19b756b95e714,SP,Sao Paulo,Brazil,2,0.0,100.0,3.0,false
04843805947f0fc584fc1969b6e50fe7,RS,Rio Grande do Sul,Brazil,1,0.0,100.0,5.0,false
05ca864204d09595ae591b93ea9cf93d,SP,Sao Paulo,Brazil,1,0.0,100.0,5.0,false
13d95f0f6f73943d4ceffad0fc2cd32c,GO,Goias,Brazil,1,0.0,100.0,3.0,false
154bdf805377afea75a3bd158e9eab10,SP,Sao Paulo,Brazil,1,0.0,100.0,1.0,false
19484c79cef6c062cb177aa4ef2fcc3c,SP,Sao Paulo,Brazil,1,0.0,100.0,1.0,false
1b4b28463457a256e9a784ebe2a8f630,SP,Sao Paulo,Brazil,1,0.0,100.0,1.0,false
1f2eebc0e970fd3c463e4f5d9652687a,SP,Sao Paulo,Brazil,1,0.0,100.0,5.0,false
20d53aad4fe5ee93a64f8839609d3586,MG,Minas Gerais,Brazil,1,0.0,100.0,1.0,false
244b04680fdbded0acf5aebd9c92b44a,SP,Sao Paulo,Brazil,1,0.0,100.0,1.0,false
271b8923c6a549e02d3c9fd1f8c0422b,SP,Sao Paulo,Brazil,1,0.0,100.0,4.0,false
2a50b7ee5aebecc6fd0ff9784a4747d6,DF,Distrito Federal,Brazil,1,0.0,100.0,1.0,false
2a73cba571d90c694b7caca072ccf6ce,SP,Sao Paulo,Brazil,1,0.0,100.0,5.0,false
344223b2a90784f64136a8a5da012e7f,SC,Santa Catarina,Brazil,1,0.0,100.0,2.0,false
391bbd13b6452244774beff1824006ed,SP,Sao Paulo,Brazil,1,0.0,100.0,1.0,false
3da38366e7bd9baf6369071f782ecdf0,CE,Ceara,Brazil,1,0.0,100.0,1.0,false
4e42581f08e8cfc7c090f930bac4552a,SP,Sao Paulo,Brazil,1,0.0,100.0,1.0,false
51a04a8a6bdcb23deccc82b0b80742cf,SP,Sao Paulo,Brazil,1,0.0,100.0,1.0,false
535bf14f36346c7f59d87cece104d70c,RJ,Rio de Janeiro,Brazil,1,0.0,100.0,4.0,false
586a871d4f1221763fddb6ceefdeb95e,RS,Rio Grande do Sul,Brazil,1,0.0,100.0,1.0,false
5ca5d579b5857ee8709479b1047cecc3,SP,Sao Paulo,Brazil,1,0.0,100.0,1.0,false
63704069d9bd3a75c1cf59babe56004a,SP,Sao Paulo,Brazil,1,0.0,100.0,1.0,false
6524b847b982cd56bb5d4b02b776ee42,SP,Sao Paulo,Brazil,1,0.0,100.0,4.0,false
6d04126aba80df143fd038e711b8fd96,RJ,Rio de Janeiro,Brazil,1,0.0,100.0,1.0,false
781a66c0d89e30814d49fe8b5e14cd07,SP,Sao Paulo,Brazil,1,0.0,100.0,1.0,false
791cfcfe22fe4a771ece27f90017da92,SP,Sao Paulo,Brazil,1,0.0,100.0,1.0,false
7c462184585ae80bd6e5774c62ce50f2,SP,Sao Paulo,Brazil,1,0.0,100.0,3.0,false
8629a7efec1aab257e58cda559f03ba7,GO,Goias,Brazil,1,0.0,100.0,1.0,false
8e670472e453ba34a379331513d6aab1,MG,Minas Gerais,Brazil,1,0.0,100.0,1.0,false
984c273121e743dd14767befe6cb17f5,SP,Sao Paulo,Brazil,1,0.0,100.0,1.0,false
9ac75591b69c3402684b6ce0310f22ee,SP,Sao Paulo,Brazil,1,0.0,100.0,5.0,false
9bf11dfc0bec77e5a23028043c3c5a8f,MG,Minas Gerais,Brazil,1,0.0,100.0,1.0,false
9c57bc60cfad5ee62d35d3f1ce4593a1,PR,Parana,Brazil,1,0.0,100.0,1.0,false
9da15f4a4ea758d9eeb49000dbe57e22,SP,Sao Paulo,Brazil,1,0.0,100.0,2.0,false
9ef932e837d8b7f392c0bfee9d359dc2,SP,Sao Paulo,Brazil,1,0.0,100.0,3.0,false
bc8c8d665ec4664d286be0d521722b19,SP,Sao Paulo,Brazil,1,0.0,100.0,2.0,false
c004e5ea15737026cecaee0447e00b75,SP,Sao Paulo,Brazil,1,0.0,100.0,1.0,false
c13ef0cfbe42f190780f621ce81f2234,SP,Sao Paulo,Brazil,1,0.0,100.0,3.0,false
c1d1ebb4745cc43cb6f05e9c8a705c9a,SP,Sao Paulo,Brazil,1,0.0,100.0,1.0,false
c611f4ce9ce875bcc063fa97fd4d7d12,SP,Sao Paulo,Brazil,1,0.0,100.0,4.0,false
c7b7db6c8f3c64a7cc1afa634db21d50,SP,Sao Paulo,Brazil,1,0.0,100.0,1.0,false
ca5832c6960267b71041f74bb39e8b12,SC,Santa Catarina,Brazil,1,0.0,100.0,1.0,false
d1a5cc844736958c11b8efab9a2b4c87,PR,Parana,Brazil,1,0.0,100.0,1.0,false
d1aa1ec0839dcab73a6161130eb1f94a,PR,Parana,Brazil,1,0.0,100.0,4.0,false
da2782c804606d2a5d8e1760dbb3e7ec,SP,Sao Paulo,Brazil,1,0.0,100.0,1.0,false
df683dfda87bf71ac3fc63063fba369d,RS,Rio Grande do Sul,Brazil,1,0.0,100.0,1.0,false
ebe3dabc4955c9b0d695e7bda38bf5c3,SP,Sao Paulo,Brazil,1,0.0,100.0,3.0,false
edf3fabebcc20f7463cc9c53da932ea8,SP,Sao Paulo,Brazil,1,0.0,100.0,4.0,false
efb628aa07c8ca93d7db0d85b91a4f5a,RJ,Rio de Janeiro,Brazil,1,0.0,100.0,4.0,false
f524ad65d7e0f1daab730ef2d2e86196,RS,Rio Grande do Sul,Brazil,1,0.0,100.0,1.0,false
f5fea3ffed6c2e889bab72705557c63a,RJ,Rio de Janeiro,Brazil,1,0.0,100.0,5.0,false
17eea220a40cc0d2c0c5346379682398,SP,Sao Paulo,Brazil,3,33.333333333333336,66.66666666666667,3.6666666666666665,false
327b89b872c14d1c0be7235ef4871685,AM,Amazonas,Brazil,3,33.333333333333336,66.66666666666667,2.3333333333333335,false
44f091b5abab8018f682fce8124b85e5,SP,Sao Paulo,Brazil,3,33.333333333333336,66.66666666666667,3.6666666666666665,false
5b97c06a046398e7005b2b7c0d707a92,MG,Minas Gerais,Brazil,3,33.333333333333336,66.66666666666667,4.0,false
8d92f3ea807b89465643c219455e7369,SP,Sao Paulo,Brazil,3,33.333333333333336,66.66666666666667,1.0,false
961dff0a659b4561334372337dd897d9,RJ,Rio de Janeiro,Brazil,3,33.333333333333336,66.66666666666667,4.666666666666667,false
a435b009cd956ea60748b5cfbddf2e24,SP,Sao Paulo,Brazil,3,33.333333333333336,66.66666666666667,4.333333333333333,false
bcc9dd23e2a8bd8267cf92b19304a1b9,SP,Sao Paulo,Brazil,3,33.333333333333336,66.66666666666667,2.3333333333333335,false
fcf16b7a8697e559f0123190bb30177d,SP,Sao Paulo,Brazil,3,33.333333333333336,66.66666666666667,3.3333333333333335,false
b1b3948701c5c72445495bd161b83a4c,SP,Sao Paulo,Brazil,14,35.714285714285715,64.28571428571429,1.9285714285714286,false
427165bf50f8ca07efc7bdc2bfcf1688,SP,Sao Paulo,Brazil,5,40.0,60.0,3.2,false
633ecdf879b94b5337cca303328e4a25,SP,Sao Paulo,Brazil,5,40.0,60.0,1.8,false
312ba1d77e9c332ef21f9598b7f64cd7,SP,Sao Paulo,Brazil,7,42.857142857142854,57.142857142857146,3.142857142857143,false
973f21788dfab357250f69a8dcb7ddee,MG,Minas Gerais,Brazil,9,44.44444444444444,55.55555555555556,2.111111111111111,false
538caafddff204241cecbf3a02e6b3cf,SP,Sao Paulo,Brazil,8,50.0,50.0,2.75,false
0873d9f8f36123f8d910f4760e788cfb,SP,Sao Paulo,Brazil,6,50.0,50.0,3.1666666666666665,false
08cdbae123ff67ca4e36d9d641ce0119,MG,Minas Gerais,Brazil,4,50.0,50.0,3.25,false
12c2ed9cded6138cf0c75f525f565fc7,SP,Sao Paulo,Brazil,4,50.0,50.0,4.25,false
4e85b538b0dad58852641540686d0e14,SP,Sao Paulo,Brazil,4,50.0,50.0,3.75,false
5275ca25d0358ca73864e0ae41be1320,SP,Sao Paulo,Brazil,4,50.0,50.0,4.75,false
6219ba2359cfb97f2e38fd4c321eb309,SP,Sao Paulo,Brazil,4,50.0,50.0,4.0,false
700f03c207639c22d933381ff60b35c2,SP,Sao Paulo,Brazil,4,50.0,50.0,4.0,false
d8d9567d0bfb0bc7eb845a205ba42657,SP,Sao Paulo,Brazil,4,50.0,50.0,3.5,false
dd4d95ba2d15c071e6c695e2ef6ce169,ES,Espirito Santo,Brazil,4,50.0,50.0,4.25,false
eebb3372362aa9a46975164bed19a7e7,SP,Sao Paulo,Brazil,4,50.0,50.0,3.25,false
038b75b729c8a9a04b0d07cba7eabe86,SP,Sao Paulo,Brazil,2,50.0,50.0,3.5,false
05aebce0b5c8f0d41b29b686f2d05fd3,SP,Sao Paulo,Brazil,2,50.0,50.0,5.0,false
0daf5180aa44356f60f8effa533b55a2,GO,Goias,Brazil,2,50.0,50.0,5.0,false
12a8eb0f8d1cd3270695bf2a99f55966,SP,Sao Paulo,Brazil,2,50.0,50.0,3.5,false
253c025bab43881055aeecde5e2d8b77,PR,Parana,Brazil,2,50.0,50.0,4.5,false
26f6b7ab07be3e9e69ce82a6552efc19,RJ,Rio de Janeiro,Brazil,2,50.0,50.0,3.0,false
324583d68897f5ddbaf38f6248322176,SP,Sao Paulo,Brazil,2,50.0,50.0,1.0,false
3a3e46d10f74d8a6ca76e2b538f106a0,SP,Sao Paulo,Brazil,2,50.0,50.0,4.5,false
4342d4b2ba6b161468c63a7e7cfce593,RJ,Rio de Janeiro,Brazil,2,50.0,50.0,1.0,false
4b98b0428fc1932cc2514ef9ce2505e6,SP,Sao Paulo,Brazil,2,50.0,50.0,2.0,false
528bcf6680c36dddf07620bd35b33a6f,SP,Sao Paulo,Brazil,2,50.0,50.0,4.5,false
553a440137d6e0cf776aee0bb83ac9f5,SP,Sao Paulo,Brazil,2,50.0,50.0,1.0,false
559d56f3b8f0bc2e5a9a62fe2ce2a39f,SC,Santa Catarina,Brazil,2,50.0,50.0,2.5,false
5659d77e8d90378e39b960ad5956f64e,SP,Sao Paulo,Brazil,2,50.0,50.0,2.5,false
6f1a1263039c76e68f40a8e536b1da6a,SP,Sao Paulo,Brazil,2,50.0,50.0,2.0,false
7c4adcc13272c0e26fa23aac642adb7b,RJ,Rio de Janeiro,Brazil,2,50.0,50.0,3.0,false
7d484ca289afaac6bf5fc6a1e96d2226,MS,Mato Grosso do Sul,Brazil,2,50.0,50.0,4.0,false
85ecf03781da592876b7844acc1b729f,SP,Sao Paulo,Brazil,2,50.0,50.0,4.5,false
8a207b6080964f3c1fc9d35bd6096ba4,SP,Sao Paulo,Brazil,2,50.0,50.0,5.0,false
8c3b533c63cca56240f94f1e3a6b18ef,MG,Minas Gerais,Brazil,2,50.0,50.0,2.0,false
8ccf3cf69651cc1d8a02c8bfaf3b8568,SP,Sao Paulo,Brazil,2,50.0,50.0,3.5,false
8e29d051f810eb22959ede205b462b9f,SP,Sao Paulo,Brazil,2,50.0,50.0,4.0,false
8e4f041ff58e7845456d3482524014b3,RS,Rio Grande do Sul,Brazil,2,50.0,50.0,3.0,false
92c8bc6e8f925792247656fed09aad65,SP,Sao Paulo,Brazil,2,50.0,50.0,3.0,false
9b1f656ca3060f8af17a50d8a024b533,SP,Sao Paulo,Brazil,2,50.0,50.0,5.0,false
9dd459b29a14bf89d47183cf2cd0e4c7,SP,Sao Paulo,Brazil,2,50.0,50.0,5.0,false
a11a0e0ca67423425691db355cff69b0,SP,Sao Paulo,Brazil,2,50.0,50.0,5.0,false
a154d7316f158bb42e6fa18bbe3afd3a,SP,Sao Paulo,Brazil,2,50.0,50.0,3.0,false
a20d8058c866dbaeca014d2cd20ac62e,SP,Sao Paulo,Brazil,2,50.0,50.0,5.0,false
b8d890108a7a80e4f5d59eea9f362438,PR,Parana,Brazil,2,50.0,50.0,3.5,false
c1f12f926d0ba950578b4fa41115cbb6,SP,Sao Paulo,Brazil,2,50.0,50.0,4.0,false
c8025364abeecb115431bf95c11a747f,RS,Rio Grande do Sul,Brazil,2,50.0,50.0,4.5,false
e09887ca8c7bf8a4621ce481820414ef,SP,Sao Paulo,Brazil,2,50.0,50.0,3.0,false
e4f121bf6ef8b9a1d4d3e65dd0473fab,SP,Sao Paulo,Brazil,2,50.0,50.0,3.0,false
e88165a185134e13fdfc85d4fa654db8,SP,Sao Paulo,Brazil,2,50.0,50.0,3.0,false
eb9cd5b35d95206585e2185318cb5c61,SP,Sao Paulo,Brazil,2,50.0,50.0,3.0,false
ec2e006556300a79a5a91e4876ab3a56,SP,Sao Paulo,Brazil,2,50.0,50.0,1.5,false
ec8463980a4e0ea9f8517aea1ed0c419,SC,Santa Catarina,Brazil,2,50.0,50.0,5.0,false
f682e0f848abafc6f41e0d4e868c66ef,SP,Sao Paulo,Brazil,2,50.0,50.0,3.5,false
f7315bb81aea4ddca2d39e249a801c98,SP,Sao Paulo,Brazil,2,50.0,50.0,4.5,false
fb8904a8ea99f8831b64ce27db2c1765,SP,Sao Paulo,Brazil,2,50.0,50.0,4.5,false
95b293867b5862941c9cd74f756a3c68,SP,Sao Paulo,Brazil,9,55.55555555555556,44.44444444444444,3.5555555555555554,false
b0b346d3a89f5eb4c2968af3f083cd43,SP,Sao Paulo,Brazil,9,55.55555555555556,44.44444444444444,3.7777777777777777,false
5acd070dd3fe441bbb2ec1f1ede515ee,SP,Sao Paulo,Brazil,7,57.142857142857146,42.857142857142854,3.0,false
26e2c91ef821e1ff8985f408788fe35b,SP,Sao Paulo,Brazil,12,58.333333333333336,41.666666666666664,3.0,false
05e107217c7266362fd44b75b2cd4cc4,SP,Sao Paulo,Brazil,5,60.0,40.0,4.2,false
30c7f28fd3a5897b2c82d152bb760c17,RJ,Rio de Janeiro,Brazil,5,60.0,40.0,1.4,false
397c4d0c005b6f41f90098ac724e28cb,SP,Sao Paulo,Brazil,5,60.0,40.0,4.4,false
55c96925041a14097b6a7825554f4ad5,SP,Sao Paulo,Brazil,5,60.0,40.0,4.6,false
6cf476a4ca74498db55cbccdaa9dcfb6,SP,Sao Paulo,Brazil,5,60.0,40.0,3.4,false
6ee85be3693ed79a8e80718743d80655,SP,Sao Paulo,Brazil,5,60.0,40.0,3.2,false
70125af26c2d6d4ef401a1d02ae7701f,GO,Goias,Brazil,5,60.0,40.0,4.6,false
83b08de96980757220871b31bf6cffca,RJ,Rio de Janeiro,Brazil,5,60.0,40.0,4.0,false
fa74b2f3287d296e9fbd2cc80f2d1cf1,SP,Sao Paulo,Brazil,5,60.0,40.0,3.2,false
f76a3b1349b6df1ee875d1f3fa4340f0,SP,Sao Paulo,Brazil,24,62.5,37.5,3.4583333333333335,false
0725b8c0f3f906e58f70cbe76b7c748c,SP,Sao Paulo,Brazil,16,62.5,37.5,3.65625,false
c990d6cf976a5718aaedc539f383ab88,SP,Sao Paulo,Brazil,8,62.5,37.5,3.625,false
cb41bfbcbda0aea354a834ab222f9a59,SP,Sao Paulo,Brazil,11,63.63636363636363,36.36363636363637,3.272727272727273,false
d9e7e7778b32987280a6f2cb9a39c57d,SP,Sao Paulo,Brazil,11,63.63636363636363,36.36363636363637,3.5454545454545454,false
02d35243ea2e497335cd0f076b45675d,RN,Rio Grande do Norte,Brazil,14,64.28571428571429,35.714285714285715,2.642857142857143,false
821fb029fc6e495ca4f08a35d51e53a5,SP,Sao Paulo,Brazil,23,65.21739130434783,34.78260869565217,3.4782608695652173,false
ede0c03645598cdfc63ca8237acbe73d,SP,Sao Paulo,Brazil,42,66.66666666666667,33.333333333333336,3.5714285714285716,true
e64d65bc8dbec2accda90c58de5d1246,SP,Sao Paulo,Brazil,12,66.66666666666667,33.333333333333336,3.0833333333333335,false
13fa2a6c6b9d0f43cb588d7c82117a12,SP,Sao Paulo,Brazil,9,66.66666666666667,33.333333333333336,4.111111111111111,false
2379bdc3888025689a9deb7b141507d5,SP,Sao Paulo,Brazil,9,66.66666666666667,33.333333333333336,4.333333333333333,false
9539213aa8e023c01937bef95dc006da,SP,Sao Paulo,Brazil,9,66.66666666666667,33.333333333333336,4.555555555555555,false
b87a7ea0c30fad2dd6781b74a0064859,SP,Sao Paulo,Brazil,9,66.66666666666667,33.333333333333336,3.4444444444444446,false
d3dcf0604eabf0224fbd5948b5e02f69,SP,Sao Paulo,Brazil,9,66.66666666666667,33.333333333333336,3.888888888888889,false
2ba91c7ad80ff88b23b7db823b43c233,SP,Sao Paulo,Brazil,6,66.66666666666667,33.333333333333336,3.8333333333333335,false
31be790e64fc99f8ff48ec2bd18a3104,SP,Sao Paulo,Brazil,6,66.66666666666667,33.333333333333336,4.333333333333333,false
35857757f553273b1056c1cabdace7fb,SP,Sao Paulo,Brazil,6,66.66666666666667,33.333333333333336,4.0,false
714b9a1332840f257b49f476bea4e341,SP,Sao Paulo,Brazil,6,66.66666666666667,33.333333333333336,3.3333333333333335,false
76c47a299e4a8fe992316a85865acbe9,SP,Sao Paulo,Brazil,6,66.66666666666667,33.333333333333336,4.666666666666667,false
8a40ae794fa3f9892cee24bd5af0488b,PR,Parana,Brazil,6,66.66666666666667,33.333333333333336,3.1666666666666665,false
8bd0e3abda539b9479c4b44a691be1ec,RS,Rio Grande do Sul,Brazil,6,66.66666666666667,33.333333333333336,2.5,false
9da1ca0bef29ee170e541927a5aeabdc,SP,Sao Paulo,Brazil,6,66.66666666666667,33.333333333333336,3.0,false
a67780aba9dd436e7ac0aa1f889e73ec,SP,Sao Paulo,Brazil,6,66.66666666666667,33.333333333333336,3.6666666666666665,false
ab3e0c171fe84a7ba7de130f19cfb485,PR,Parana,Brazil,6,66.66666666666667,33.333333333333336,4.0,false
c522be04e020c1e7b79f3acff36513d5,SP,Sao Paulo,Brazil,6,66.66666666666667,33.333333333333336,4.0,false
03bd479e1d9484cdb14104d3023f7321,MG,Minas Gerais,Brazil,3,66.66666666666667,33.333333333333336,4.333333333333333,false
042573af89b6d931f672efaf789d8358,SP,Sao Paulo,Brazil,3,66.66666666666667,33.333333333333336,3.6666666666666665,false
0dfbed20065e425d2eaefb101f9816c0,SP,Sao Paulo,Brazil,3,66.66666666666667,33.333333333333336,2.6666666666666665,false
1099a00e0ee3a50935e6c2447ca090c5,RJ,Rio de Janeiro,Brazil,3,66.66666666666667,33.333333333333336,3.6666666666666665,false
13dd308f81fea30cc670c656b2b46cc3,SP,Sao Paulo,Brazil,3,66.66666666666667,33.333333333333336,5.0,false
191d55f7edb8524d525ed01b20fe32e8,DF,Distrito Federal,Brazil,3,66.66666666666667,33.333333333333336,2.3333333333333335,false
1ca4bdb0cd7fc48e949bac066188ed26,MG,Minas Gerais,Brazil,3,66.66666666666667,33.333333333333336,5.0,false
1d0997ff06b524ce9289ffd75114ecd3,PE,Pernambuco,Brazil,3,66.66666666666667,33.333333333333336,3.6666666666666665,false
269c5fc9fcadee614364c3620c30a1f9,SP,Sao Paulo,Brazil,3,66.66666666666667,33.333333333333336,5.0,false
3442f8959a84dea7ee197c632cb2df15,SP,Sao Paulo,Brazil,3,66.66666666666667,33.333333333333336,3.0,false
3d3ccf2b2f8134b10dce9dd446f0e075,SP,Sao Paulo,Brazil,3,66.66666666666667,33.333333333333336,3.3333333333333335,false
3d700782d7818f2c1e0d7a9e9d75fc00,SP,Sao Paulo,Brazil,3,66.66666666666667,33.333333333333336,3.6666666666666665,false
47648caee88ccfe951fbb27fbf7b4cbe,SP,Sao Paulo,Brazil,3,66.66666666666667,33.333333333333336,3.6666666666666665,false
48bad451945f5227341793478d6353ea,SP,Sao Paulo,Brazil,3,66.66666666666667,33.333333333333336,4.0,false
4fb41dff7c50136976d1a5cf004a42e2,BA,Bahia,Brazil,3,66.66666666666667,33.333333333333336,4.0,false
52956b80ae65fda598f06f6b9943e7a9,PR,Parana,Brazil,3,66.66666666666667,33.333333333333336,4.0,false
578fa3a9cb6b6dceab39231ad59cdaca,CE,Ceara,Brazil,3,66.66666666666667,33.333333333333336,3.6666666666666665,false
5e49e3a44bdeb5aab2684258bbd4f525,SC,Santa Catarina,Brazil,3,66.66666666666667,33.333333333333336,4.666666666666667,false
60da8bfa7eebe230b7d66ac4082d79b3,SP,Sao Paulo,Brazil,3,66.66666666666667,33.333333333333336,4.333333333333333,false
62760d278921b5f352461620d68a9cee,SP,Sao Paulo,Brazil,3,66.66666666666667,33.333333333333336,3.6666666666666665,false
79a679c36c08d606b3fd47ead9de109b,SP,Sao Paulo,Brazil,3,66.66666666666667,33.333333333333336,2.0,false
83f2b4881141ce3fcd4e985125d3279e,SP,Sao Paulo,Brazil,3,66.66666666666667,33.333333333333336,5.0,false
8759e7aedd644f487315e5860962f162,SP,Sao Paulo,Brazil,3,66.66666666666667,33.333333333333336,3.6666666666666665,false
88ae906ea2acf6971f26c3e8b7cb4357,SP,Sao Paulo,Brazil,3,66.66666666666667,33.333333333333336,3.3333333333333335,false
8fbe2ee446b97e128471be4ce983dc0d,SP,Sao Paulo,Brazil,3,66.66666666666667,33.333333333333336,3.0,false
8fec2e460530482132c436cfb5439925,SP,Sao Paulo,Brazil,3,66.66666666666667,33.333333333333336,4.333333333333333,false
9b522ba7eae9e1d04082f267144583cc,SP,Sao Paulo,Brazil,3,66.66666666666667,33.333333333333336,4.666666666666667,false
9e9b539eb2806acee3f5c28085c1db9f,MG,Minas Gerais,Brazil,3,66.66666666666667,33.333333333333336,3.6666666666666665,false
a56e351445e5863fc8960640ba9190c7,SC,Santa Catarina,Brazil,3,66.66666666666667,33.333333333333336,4.333333333333333,false
aa762680c40618316a896838866140ea,PR,Parana,Brazil,3,66.66666666666667,33.333333333333336,3.3333333333333335,false
ab91571efab27993ff2f6b36e38055c3,SP,Sao Paulo,Brazil,3,66.66666666666667,33.333333333333336,4.666666666666667,false
b43d8b707f887a30f4675391098354a0,SP,Sao Paulo,Brazil,3,66.66666666666667,33.333333333333336,3.0,false
b56828a9f9027f3c918c04ca720d9e3c,SP,Sao Paulo,Brazil,3,66.66666666666667,33.333333333333336,2.6666666666666665,false
d7b2377bae6ace1b11fc69a11900ac36,SP,Sao Paulo,Brazil,3,66.66666666666667,33.333333333333336,3.6666666666666665,false
ebef8d8c92b4fd3226e5d407bbff21ac,SP,Sao Paulo,Brazil,3,66.66666666666667,33.333333333333336,2.6666666666666665,false
f6122bc84774df1b372bdb3bb88ddb9f,SP,Sao Paulo,Brazil,3,66.66666666666667,33.333333333333336,3.6666666666666665,false
ad781527c93d00d89a11eecd9dcad7c1,SP,Sao Paulo,Brazil,38,68.42105263157895,31.57894736842105,3.3421052631578947,true
b19f3ca2ea475913750f25a5c37c8d8f,MG,Minas Gerais,Brazil,19,68.42105263157895,31.57894736842105,3.263157894736842,false
835f0f7810c76831d6c7d24c7a646d4d,SP,Sao Paulo,Brazil,42,69.04761904761905,30.952380952380953,3.357142857142857,true
02dcd3e8e25bee036e32512bcf175493,MG,Minas Gerais,Brazil,13,69.23076923076923,30.76923076923077,4.076923076923077,false
0417b067eeab773d2f7061a726dc477f,SC,Santa Catarina,Brazil,13,69.23076923076923,30.76923076923077,3.923076923076923,false
13074f016982ff2bd6c58ced8682f000,RS,Rio Grande do Sul,Brazil,13,69.23076923076923,30.76923076923077,4.153846153846154,false
5f67c6082caacb26e431a7b17940cece,PR,Parana,Brazil,13,69.23076923076923,30.76923076923077,3.5384615384615383,false
054694fa03fe82cec4b7551487331d74,SP,Sao Paulo,Brazil,20,70.0,30.0,3.4,false
7f152321c60a266edc53af1925ef96c1,SC,Santa Catarina,Brazil,20,70.0,30.0,3.8,false
d32e3909cfb714fb2a6cb092c85b9c5f,SP,Sao Paulo,Brazil,10,70.0,30.0,3.5,false
e504a4e2efaa45cbff7e268a2c58c956,SP,Sao Paulo,Brazil,10,70.0,30.0,3.8,false
c4d51195486dc781531876a7d00453d8,SP,Sao Paulo,Brazil,17,70.58823529411765,29.41176470588235,3.9411764705882355,false
54965bbe3e4f07ae045b90b0b8541f52,PR,Parana,Brazil,69,71.01449275362319,28.985507246376812,3.1449275362318843,true
4e5725ba188db8252977a4f0227bd462,SP,Sao Paulo,Brazil,21,71.42857142857143,28.571428571428573,3.5238095238095237,false
7fc87cc3e89b3d1d5cabdca32f8485aa,SP,Sao Paulo,Brazil,14,71.42857142857143,28.571428571428573,3.5714285714285716,false
20b54c376b794ed028df09a3cd88e8dc,SP,Sao Paulo,Brazil,7,71.42857142857143,28.571428571428573,3.7142857142857144,false
2bf28e311bba65237358230cabac3f15,PR,Parana,Brazil,7,71.42857142857143,28.571428571428573,3.7142857142857144,false
2c3d56f92f360fb89d849b84e8f50eae,SP,Sao Paulo,Brazil,7,71.42857142857143,28.571428571428573,3.4285714285714284,false
3e8bd881d92466e63ba9e3e809cd3c50,RJ,Rio de Janeiro,Brazil,7,71.42857142857143,28.571428571428573,4.571428571428571,false
5b35136197710e16ac5e7b7c2bd4ea85,RJ,Rio de Janeiro,Brazil,7,71.42857142857143,28.571428571428573,2.5714285714285716,false
656591be56071d4c9ef4e5fee78a578a,SP,Sao Paulo,Brazil,7,71.42857142857143,28.571428571428573,4.571428571428571,false
6e4a902d1054e4e17aa6eab87fac1c75,SP,Sao Paulo,Brazil,7,71.42857142857143,28.571428571428573,4.142857142857143,false
79565f7d5603b24ddf07ade262547f2f,SP,Sao Paulo,Brazil,7,71.42857142857143,28.571428571428573,4.428571428571429,false
7daca0837f033a41a6f3428c18657533,SP,Sao Paulo,Brazil,7,71.42857142857143,28.571428571428573,3.5714285714285716,false
d5b9a084373da994a6e37f732169a853,SP,Sao Paulo,Brazil,7,71.42857142857143,28.571428571428573,3.5714285714285716,false
e3dd723429d1b23614b7fa85e2c7a853,SP,Sao Paulo,Brazil,7,71.42857142857143,28.571428571428573,3.7142857142857144,false
f3295428338a40977a03f555246a70f4,ES,Espirito Santo,Brazil,7,71.42857142857143,28.571428571428573,3.5714285714285716,false
822bad9bc42b51213ba522fe87b7ab5d,SC,Santa Catarina,Brazil,18,72.22222222222223,27.77777777777778,4.111111111111111,false
5b581417df4480f632484ba681e53944,SC,Santa Catarina,Brazil,11,72.72727272727273,27.272727272727273,3.727272727272727,false
91f0eec23d4a61d7d7caeefa3f0ad1ca,SC,Santa Catarina,Brazil,11,72.72727272727273,27.272727272727273,3.5454545454545454,false
eb4df17aed01d918c65f0f8d650900c0,SP,Sao Paulo,Brazil,11,72.72727272727273,27.272727272727273,3.909090909090909,false
66e0557ecc2b4dbea057e93f215f68d8,SP,Sao Paulo,Brazil,30,73.33333333333333,26.666666666666668,4.033333333333333,true
3a1a1fec38dd360f15fc912e821e169d,SP,Sao Paulo,Brazil,15,73.33333333333333,26.666666666666668,3.8666666666666667,false
a44fb5a447105f8469bdf16bf9159f25,RS,Rio Grande do Sul,Brazil,19,73.6842105263158,26.31578947368421,4.052631578947368,false
a49928bcdf77c55c6d6e05e09a9b4ca5,SP,Sao Paulo,Brazil,96,73.95833333333333,26.041666666666668,3.03125,true
ef990a83bbea832f36ebe81376335aa8,SC,Santa Catarina,Brazil,43,74.4186046511628,25.58139534883721,3.627906976744186,true
2a1348e9addc1af5aaa619b1a3679d6b,MG,Minas Gerais,Brazil,47,74.46808510638297,25.53191489361702,3.1702127659574466,true
beadbee30901a7f61d031b6b686095ad,SP,Sao Paulo,Brazil,64,75.0,25.0,3.90625,true
1dfe5347016252a7884b694d4f10f5c4,SP,Sao Paulo,Brazil,20,75.0,25.0,3.4,false
ff69aa92bb6b1bf9b8b7a51c2ed9cf8b,SP,Sao Paulo,Brazil,20,75.0,25.0,3.65,false
b5e3e38609125694d2ea2417522a60b7,SC,Santa Catarina,Brazil,16,75.0,25.0,4.3125,false
5b0cc932433fa5184b5b94bfe6bcc256,SP,Sao Paulo,Brazil,12,75.0,25.0,3.5833333333333335,false
c37b2059d4f90d4feead554e5246565e,SP,Sao Paulo,Brazil,12,75.0,25.0,3.3333333333333335,false
0aea4c6ae1505b3228ddf3dd7822ee5b,SP,Sao Paulo,Brazil,8,75.0,25.0,3.875,false
1976a05ecf2996d6ffb7b5430e635fe7,SP,Sao Paulo,Brazil,8,75.0,25.0,3.875,false
4091f77d8c768fc3e81c20761471761d,SP,Sao Paulo,Brazil,8,75.0,25.0,2.75,false
579891617139df7d8671d373f0669622,RJ,Rio de Janeiro,Brazil,8,75.0,25.0,4.5,false
9bc484c87d79cd4874e05ca182658045,SP,Sao Paulo,Brazil,8,75.0,25.0,4.25,false
b5abf4f36adc043117b4fca82c22984c,DF,Distrito Federal,Brazil,8,75.0,25.0,3.125,false
f1b93673502375d491780bb49d615dbc,SP,Sao Paulo,Brazil,8,75.0,25.0,3.125,false
f22a247b79dd22ecd91dc8e3b2a1b07c,SP,Sao Paulo,Brazil,8,75.0,25.0,4.0,false
0692610d8abe24f287e9fae90ea0bbee,SP,Sao Paulo,Brazil,4,75.0,25.0,4.0,false
08061dc0fc165ed41288cc7acde738ee,SP,Sao Paulo,Brazil,4,75.0,25.0,4.5,false
081acf3de680d554796c9cf041be7bc2,MG,Minas Gerais,Brazil,4,75.0,25.0,3.25,false
09883d9ab71c8fe8a9bfc7fc3075b07e,SP,Sao Paulo,Brazil,4,75.0,25.0,4.0,false
0d83f8e03188682112cc0d93523705cc,RS,Rio Grande do Sul,Brazil,4,75.0,25.0,3.75,false
0f0c984a4a955310903b6b6008660bad,SP,Sao Paulo,Brazil,4,75.0,25.0,3.75,false
1d1bbb8ac1581824986f582583fff01d,SC,Santa Catarina,Brazil,4,75.0,25.0,3.5,false
1d2732ef8321502ee8488e8bed1ab8cd,RJ,Rio de Janeiro,Brazil,4,75.0,25.0,3.0,false
282c7480173bb9c01dd41cc739fec010,SP,Sao Paulo,Brazil,4,75.0,25.0,4.0,false
2b5ed0c9139dae8883a200dfcb272ece,SP,Sao Paulo,Brazil,4,75.0,25.0,4.25,false
32f1bb9dfa65bc7df5c0d9d95a616be4,SP,Sao Paulo,Brazil,4,75.0,25.0,4.0,false
4170f6a9367e6b5d6401d03ce6d54569,DF,Distrito Federal,Brazil,4,75.0,25.0,4.0,false
4dc646b9b9e8e411ef48ba000ea3ac6f,SP,Sao Paulo,Brazil,4,75.0,25.0,2.75,false
4deebb3199eeafb282ae33229144f94b,SP,Sao Paulo,Brazil,4,75.0,25.0,4.0,false
52a50b42accf164f9f019941e5759d9b,SP,Sao Paulo,Brazil,4,75.0,25.0,4.75,false
6bd503a8230299c9316fb0f726933927,GO,Goias,Brazil,4,75.0,25.0,4.75,false
72146da5774cabf2632faedcae097a76,PR,Parana,Brazil,4,75.0,25.0,4.0,false
74636e24f01da9268b0ed88dacd8513e,SP,Sao Paulo,Brazil,4,75.0,25.0,4.0,false
7a91bf945c6fae0779f1c61ce97fe45c,RJ,Rio de Janeiro,Brazil,4,75.0,25.0,4.5,false
8d899e15a5925f097cca50faa49b15e3,SP,Sao Paulo,Brazil,4,75.0,25.0,3.75,false
9485a23c0430ba1d58d359391606fce6,SP,Sao Paulo,Brazil,4,75.0,25.0,3.75,false
9853a239ab7b7ebbdc3a21248d5b8e1f,PR,Parana,Brazil,4,75.0,25.0,3.75,false
a13aaf2d2886ab9fb30fb9a920160b8f,SC,Santa Catarina,Brazil,4,75.0,25.0,4.5,false
aeb36d67f1414f234d42a29e27cf1f17,SP,Sao Paulo,Brazil,4,75.0,25.0,4.5,false
b37c4c02bda3161a7546a4e6d222d5b2,SP,Sao Paulo,Brazil,4,75.0,25.0,2.25,false
b98b715fe9e276204e2a3464f48cd796,SP,Sao Paulo,Brazil,4,75.0,25.0,4.0,false
bd4ff04377f974574f7f0bf9d6ce7dde,SP,Sao Paulo,Brazil,4,75.0,25.0,3.5,false
c8660dcf9ba70575f45d80fe28c27713,SP,Sao Paulo,Brazil,4,75.0,25.0,4.5,false
ce20a2ec1514c25e16f2b5b39bc818f0,SP,Sao Paulo,Brazil,4,75.0,25.0,4.75,false
e5d4b2b0c3bca22085f7a19a28de0c42,SC,Santa Catarina,Brazil,4,75.0,25.0,4.5,false
e5f9e61ceb5f523cc966e0f34095032f,SC,Santa Catarina,Brazil,4,75.0,25.0,4.0,false
e9729944ba65dc3ce425e0c5a22ae7b2,RJ,Rio de Janeiro,Brazil,4,75.0,25.0,3.75,false
f9d010e39375d9c91dce3f40b73a2f84,SP,Sao Paulo,Brazil,4,75.0,25.0,3.5,false
fce62094ffe6a4009188ec44e681dfdd,SP,Sao Paulo,Brazil,4,75.0,25.0,4.0,false
53d00c40e32aeb924a84ce72b1af869d,SP,Sao Paulo,Brazil,17,76.47058823529412,23.529411764705884,4.352941176470588,false
5bc55dbe2f12b6af6d83ed46023e0dc8,MG,Minas Gerais,Brazil,17,76.47058823529412,23.529411764705884,2.411764705882353,false
ec4608a1f76453166bb312b2968aeaf4,SP,Sao Paulo,Brazil,17,76.47058823529412,23.529411764705884,3.2941176470588234,false
36890be00bbfc1cdb9a4a38a6af05a69,SP,Sao Paulo,Brazil,13,76.92307692307692,23.076923076923077,4.230769230769231,false
5abb8ea023c77787f2c15da891c8d384,SC,Santa Catarina,Brazil,13,76.92307692307692,23.076923076923077,3.923076923076923,false
71039d19d4303bf9054d69e9a9236699,SP,Sao Paulo,Brazil,35,77.14285714285714,22.857142857142858,3.8,true
06a2c3af7b3aee5d69171b0e14f0ee87,MA,Maranhao,Brazil,385,77.40259740259741,22.5974025974026,4.012987012987013,true
6039e27294dc75811c0d8a39069f52c0,SP,Sao Paulo,Brazil,63,77.77777777777777,22.22222222222222,3.7301587301587302,true
2a61c271b1ac763450d846849783e922,SP,Sao Paulo,Brazil,18,77.77777777777777,22.22222222222222,4.055555555555555,false
2dcf93836ae3ce0d7c93e2f10876467a,SP,Sao Paulo,Brazil,9,77.77777777777777,22.22222222222222,4.111111111111111,false
5ee7fd217d08dfe5d3e2f51f96a12c9a,SP,Sao Paulo,Brazil,9,77.77777777777777,22.22222222222222,3.4444444444444446,false
5eeb9c756d9780b96283e5a2ac6da334,SP,Sao Paulo,Brazil,9,77.77777777777777,22.22222222222222,4.222222222222222,false
85cc55e048b6bcc90c75afe7f0e72f72,RJ,Rio de Janeiro,Brazil,9,77.77777777777777,22.22222222222222,4.444444444444445,false
9449f25aeaf531019b76999ea49a6949,RJ,Rio de Janeiro,Brazil,9,77.77777777777777,22.22222222222222,4.222222222222222,false
c7fdb77fdbff3c41981bc52f787e959e,SP,Sao Paulo,Brazil,9,77.77777777777777,22.22222222222222,3.5555555555555554,false
c878515173c84a492ebe50d6b493230b,PR,Parana,Brazil,9,77.77777777777777,22.22222222222222,4.111111111111111,false
e1b12447a7563944843191754aeb5562,SP,Sao Paulo,Brazil,9,77.77777777777777,22.22222222222222,4.444444444444445,false
f35b3c613c4f7b2275f4185d0a3c59ec,SP,Sao Paulo,Brazil,9,77.77777777777777,22.22222222222222,4.555555555555555,false
ea566164622c6b439516ab18062c42cd,SP,Sao Paulo,Brazil,50,78.0,22.0,3.78,true
cac4c8e7b1ca6252d8f20b2fc1a2e4af,SP,Sao Paulo,Brazil,73,78.08219178082192,21.91780821917808,3.5821917808219177,true
1ca7077d890b907f89be8c954a02686a,SP,Sao Paulo,Brazil,107,78.50467289719626,21.49532710280374,2.392523364485981,true
28f10b1c5e5abb9d4857745bede6147c,SP,Sao Paulo,Brazil,28,78.57142857142857,21.428571428571427,4.0,false
2953ce3a88f5e3c3b696d77fc9e4c8eb,SP,Sao Paulo,Brazil,14,78.57142857142857,21.428571428571427,4.642857142857143,false
bce6a5ecf98e99fd2a8868b15c51f04b,SP,Sao Paulo,Brazil,14,78.57142857142857,21.428571428571427,4.071428571428571,false
ca4b77513ac2040591b0d8fae6958380,SP,Sao Paulo,Brazil,14,78.57142857142857,21.428571428571427,4.5,false
d13e50eaa47b4cbe9eb81465865d8cfc,SP,Sao Paulo,Brazil,66,78.78787878787878,21.21212121212121,4.818181818181818,true
712e6ed8aa4aa1fa65dab41fed5737e4,SC,Santa Catarina,Brazil,76,78.94736842105263,21.05263157894737,3.3947368421052633,true
c60b801f2d52c7f7f91de00870882a75,SP,Sao Paulo,Brazil,39,79.48717948717949,20.512820512820515,3.4358974358974357,true
3fd1e727ba94cfe122d165e176ce7967,SP,Sao Paulo,Brazil,35,80.0,20.0,3.942857142857143,true
1a932caad4f9d804097d7f8e615baed1,SP,Sao Paulo,Brazil,20,80.0,20.0,3.9,false
f918546be4bec7104d117789ba758b2b,SP,Sao Paulo,Brazil,20,80.0,20.0,3.85,false
81336a0f57a33776419727a300249e90,SP,Sao Paulo,Brazil,15,80.0,20.0,4.066666666666666,false
921323538c9f1c4e816f2720eac02bea,SP,Sao Paulo,Brazil,15,80.0,20.0,3.933333333333333,false
a066df7361163e7ddc5d7452dd17448b,SP,Sao Paulo,Brazil,15,80.0,20.0,4.4,false
be8e909810184b9b19e886129149d8e5,SP,Sao Paulo,Brazil,15,80.0,20.0,3.7333333333333334,false
2aa3443d7bf9d9bb11133f420d75e083,RJ,Rio de Janeiro,Brazil,10,80.0,20.0,3.0,false
3fac58ce0ad699020c7944d53c41329c,SP,Sao Paulo,Brazil,10,80.0,20.0,4.4,false
59cd88080b93f3c18508673122d26169,SP,Sao Paulo,Brazil,10,80.0,20.0,4.7,false
615005a3ef192c00c6f0e977cee3d2bc,SP,Sao Paulo,Brazil,10,80.0,20.0,3.8,false
851773c885feb5e2da3b4f82bc2b17ce,SP,Sao Paulo,Brazil,10,80.0,20.0,4.2,false
a13580f0e8f782b7a543885a0ef99f08,RJ,Rio de Janeiro,Brazil,10,80.0,20.0,4.4,false
f8201cab383e484733266d1906e2fdfa,SC,Santa Catarina,Brazil,10,80.0,20.0,4.1,false
039e6ad9dae79614493083e241147386,SP,Sao Paulo,Brazil,5,80.0,20.0,4.0,false
167fd940acebc789debd6eb418c46e38,SP,Sao Paulo,Brazil,5,80.0,20.0,3.0,false
180c3376aff0e43dd5788709df48a843,SP,Sao Paulo,Brazil,5,80.0,20.0,4.4,false
3903c788ded8dc03b5ebab37a2f3e9a1,SP,Sao Paulo,Brazil,5,80.0,20.0,4.0,false
46ef1a25845fc051c2998d878354810c,MG,Minas Gerais,Brazil,5,80.0,20.0,4.4,false
4b1eaadf791bdbbad8c4a35b65236d52,SP,Sao Paulo,Brazil,5,80.0,20.0,2.6,false
5236605f4d4b0b3e4df85b850393fca0,SP,Sao Paulo,Brazil,5,80.0,20.0,4.8,false
56e361f411e38dcef17cdc2a3d99628b,SP,Sao Paulo,Brazil,5,80.0,20.0,4.0,false
6861de0f40cacb0602e473c51639f980,PR,Parana,Brazil,5,80.0,20.0,3.6,false
6bd69102ab48df500790a8cecfc285c2,SP,Sao Paulo,Brazil,5,80.0,20.0,3.0,false
717b78b0950b51ed00b1471d858b0edc,SP,Sao Paulo,Brazil,5,80.0,20.0,4.0,false
741f8c587cb4248ebc5b779a0e8e0e51,SP,Sao Paulo,Brazil,5,80.0,20.0,4.0,false
7b7ed56ae755e2880f2b69632e839c1e,GO,Goias,Brazil,5,80.0,20.0,4.2,false
7b8e8ec35bad4b0ef7e3963650b0a87b,SC,Santa Catarina,Brazil,5,80.0,20.0,4.8,false
83353a83fd769dfafa4f21a72b15e3e5,SP,Sao Paulo,Brazil,5,80.0,20.0,3.8,false
8b655f0855926bcb49f5835d38dfddf6,SP,Sao Paulo,Brazil,5,80.0,20.0,4.8,false
8e34331b7eedd03be4e5d965c1956225,SP,Sao Paulo,Brazil,5,80.0,20.0,4.8,false
9cad4b68bb993ee401a3c5aaa2bc26dd,SP,Sao Paulo,Brazil,5,80.0,20.0,2.8,false
9d489893ff6af05029671b785f54b998,SP,Sao Paulo,Brazil,5,80.0,20.0,4.0,false
b4b447d715f9ab302a188fb43d3e96b3,SP,Sao Paulo,Brazil,5,80.0,20.0,4.8,false
b566ab0ef88016e00422755e305103c6,MG,Minas Gerais,Brazil,5,80.0,20.0,3.2,false
bca9230d3bbb4efa51872bf605a2f1ad,SP,Sao Paulo,Brazil,5,80.0,20.0,4.0,false
bdb3edbaee43a761e2d4f258dc08f348,SP,Sao Paulo,Brazil,5,80.0,20.0,3.8,false
c42fd8e4d47dfb18ce5222f2dd7752f9,SP,Sao Paulo,Brazil,5,80.0,20.0,3.8,false
cf1313c6e2c01c2f4b014f97db4bcd2b,RJ,Rio de Janeiro,Brazil,5,80.0,20.0,5.0,false
d5c530f4884a75ae0dba9c148718d278,MG,Minas Gerais,Brazil,5,80.0,20.0,4.0,false
e819bcfade7b5d88a27325eb6cfd62c5,SP,Sao Paulo,Brazil,5,80.0,20.0,4.2,false
f44bdc12aa39f5271f0b95f66cd4c289,SP,Sao Paulo,Brazil,5,80.0,20.0,3.2,false
f783a638e9c6af4a7d0dbfde811e7a81,SP,Sao Paulo,Brazil,5,80.0,20.0,4.0,false
f92d8c817434bd2d84d4e9c61322b7fa,SP,Sao Paulo,Brazil,5,80.0,20.0,4.6,false
2a261b5b644fa05f4f2700eb93544f2c,SP,Sao Paulo,Brazil,51,80.3921568627451,19.607843137254903,3.8627450980392157,true
e0878efa0e0b7e5313ac0b43bc04c081,PR,Parana,Brazil,26,80.76923076923077,19.23076923076923,3.6153846153846154,false
88460e8ebdecbfecb5f9601833981930,PR,Parana,Brazil,245,80.81632653061224,19.183673469387756,3.442857142857143,true
e99e927c81e3f51739c94fcdfca9f10f,MG,Minas Gerais,Brazil,21,80.95238095238095,19.047619047619047,3.7142857142857144,false
08d2d642cf72b622b14dde1d2f5eb2f5,SP,Sao Paulo,Brazil,16,81.25,18.75,4.3125,false
099095b050cfe8eb1ddff5317587e96e,SP,Sao Paulo,Brazil,16,81.25,18.75,3.375,false
89bc797e2e29667aa035d4368f9b7f92,SP,Sao Paulo,Brazil,16,81.25,18.75,3.875,false
adcf50477d6a1f5d91bb9d54c4903cb5,MG,Minas Gerais,Brazil,16,81.25,18.75,3.5625,false
e3a386fc36e22064434e1fa256f6a9fa,SP,Sao Paulo,Brazil,16,81.25,18.75,4.1875,false
e5a3438891c0bfdb9394643f95273d8e,SP,Sao Paulo,Brazil,215,81.3953488372093,18.6046511627907,3.9953488372093022,true
99a54764c341d5dc80b4a8fac4eba3fb,SP,Sao Paulo,Brazil,43,81.3953488372093,18.6046511627907,3.6744186046511627,true
d97df38225e5abadaff1e72cb72b823c,SP,Sao Paulo,Brazil,27,81.48148148148148,18.51851851851852,3.925925925925926,false
0bf0150d5b9d60d9cd2906003332f085,SP,Sao Paulo,Brazil,38,81.57894736842105,18.42105263157895,3.789473684210526,true
d93919c944be9cff128f6c9cb899eacb,SP,Sao Paulo,Brazil,33,81.81818181818181,18.181818181818183,4.0,true
0249d282d911d23cb8b869ab49c99f53,SP,Sao Paulo,Brazil,11,81.81818181818181,18.181818181818183,4.2727272727272725,false
04aa0a1c5ce6b222003403a3e11c3cc0,SP,Sao Paulo,Brazil,11,81.81818181818181,18.181818181818183,4.090909090909091,false
082e0bf4cb865a6533b1e8e498cc0255,SP,Sao Paulo,Brazil,11,81.81818181818181,18.181818181818183,3.272727272727273,false
1b7e5006cb25dd23ce8686691013b121,SP,Sao Paulo,Brazil,11,81.81818181818181,18.181818181818183,4.363636363636363,false
39c763cca83e654764b7a4a650fb9b7c,GO,Goias,Brazil,11,81.81818181818181,18.181818181818183,3.8181818181818183,false
7586919161935337bf6b6d7ff5779648,RJ,Rio de Janeiro,Brazil,11,81.81818181818181,18.181818181818183,3.8181818181818183,false
b55638ad525e906c698fa2ce742c1742,SC,Santa Catarina,Brazil,11,81.81818181818181,18.181818181818183,4.181818181818182,false
bc07d855eac23aab5ac8a120f21d16b2,SP,Sao Paulo,Brazil,11,81.81818181818181,18.181818181818183,4.454545454545454,false
d17f467e4bf608a510c20d82f4ba3b6b,RS,Rio Grande do Sul,Brazil,11,81.81818181818181,18.181818181818183,4.2727272727272725,false
f08a5b9dd6767129688d001acafc21e5,RS,Rio Grande do Sul,Brazil,11,81.81818181818181,18.181818181818183,4.2727272727272725,false
002100f778ceb8431b7a1020ff7ab48f,SP,Sao Paulo,Brazil,50,82.0,18.0,3.96,true
b17b679f4f5ce2e03ce6968c62648246,SP,Sao Paulo,Brazil,50,82.0,18.0,3.98,true
891071be6ba827b591264c90c2ae8a63,SP,Sao Paulo,Brazil,85,82.3529411764706,17.647058823529413,3.9529411764705884,true
d20b021d3efdf267a402c402a48ea64b,SP,Sao Paulo,Brazil,85,82.3529411764706,17.647058823529413,3.7529411764705882,true
ec8879960bd2221d5c32f8e12f7da711,SP,Sao Paulo,Brazil,34,82.3529411764706,17.647058823529413,4.294117647058823,true
768a86e36ad6aae3d03ee3c6433d61df,SP,Sao Paulo,Brazil,17,82.3529411764706,17.647058823529413,4.647058823529412,false
863d2ebcd347ce4922de7a0f9a5581d6,RJ,Rio de Janeiro,Brazil,17,82.3529411764706,17.647058823529413,4.0588235294117645,false
9f50216bfd01913736a55a11b55ea842,SP,Sao Paulo,Brazil,17,82.3529411764706,17.647058823529413,4.411764705882353,false
b64d51f0435e884e8de603b1655155ae,SP,Sao Paulo,Brazil,17,82.3529411764706,17.647058823529413,4.294117647058823,false
e7df4cd29ab5abab70fb0783ddb53987,SP,Sao Paulo,Brazil,23,82.6086956521739,17.391304347826086,4.304347826086956,false
cd68562d3f44870c08922d380acae552,SP,Sao Paulo,Brazil,121,82.64462809917356,17.355371900826448,4.016528925619835,true
6ec1a01e866584bb679eb9b098345919,SP,Sao Paulo,Brazil,29,82.75862068965517,17.24137931034483,4.241379310344827,false
850913d59ce317156b00f3705f1c3edb,SP,Sao Paulo,Brazil,29,82.75862068965517,17.24137931034483,3.586206896551724,false
dd55f1bb788714a40e7954c3be6df745,SP,Sao Paulo,Brazil,35,82.85714285714286,17.142857142857142,3.742857142857143,true
6973a06f484aacf400ece213dbf3d946,SP,Sao Paulo,Brazil,88,82.95454545454545,17.045454545454547,3.75,true
602044f2c16190c2c6e45eb35c2e21cb,SP,Sao Paulo,Brazil,47,82.97872340425532,17.02127659574468,3.276595744680851,true
8e6d7754bc7e0f22c96d255ebda59eba,SP,Sao Paulo,Brazil,84,83.33333333333333,16.666666666666668,3.6011904761904763,true
8b9d6eec4a7eb7d0f9d579ce0b38324d,RJ,Rio de Janeiro,Brazil,48,83.33333333333333,16.666666666666668,4.0625,true
3c03b12bab54d8b37d79d914bfdb1aa0,RJ,Rio de Janeiro,Brazil,36,83.33333333333333,16.666666666666668,3.8333333333333335,true
070d165398b553f3b4b851c216b8a358,SP,Sao Paulo,Brazil,30,83.33333333333333,16.666666666666668,3.3666666666666667,true
7ecd59e5e20407131822c1a68ac59c1f,DF,Distrito Federal,Brazil,24,83.33333333333333,16.666666666666668,4.416666666666667,false
179d859f51292aac5c10806a356f7af9,SP,Sao Paulo,Brazil,18,83.33333333333333,16.666666666666668,4.388888888888889,false
2e1a7d075abe038c1b2743005fe42ff1,SP,Sao Paulo,Brazil,18,83.33333333333333,16.666666666666668,4.222222222222222,false
70849ca4f400aaabb62cb7462a6f1428,MG,Minas Gerais,Brazil,12,83.33333333333333,16.666666666666668,4.416666666666667,false
9906e7aa42a3c067b7c9a564d01c4320,PR,Parana,Brazil,12,83.33333333333333,16.666666666666668,4.5,false
a1474fd46fd3430168f7ec202da39408,SP,Sao Paulo,Brazil,12,83.33333333333333,16.666666666666668,4.333333333333333,false
acadd4d36859671cb635527c6c977533,SP,Sao Paulo,Brazil,12,83.33333333333333,16.666666666666668,4.25,false
b8630e1121437d41cb08e3c749c2c2e2,RJ,Rio de Janeiro,Brazil,12,83.33333333333333,16.666666666666668,4.333333333333333,false
bbaff50f3b708fda865918715276cd87,SP,Sao Paulo,Brazil,12,83.33333333333333,16.666666666666668,4.75,false
bd15ee794d5e640d9dd71b665b2ab15b,SP,Sao Paulo,Brazil,12,83.33333333333333,16.666666666666668,4.0,false
ccb83a794700270fde70898fe9ff368b,SC,Santa Catarina,Brazil,12,83.33333333333333,16.666666666666668,4.333333333333333,false
ecccfa2bb93b34a3bf033cc5d1dcdc69,PR,Parana,Brazil,12,83.33333333333333,16.666666666666668,2.8333333333333335,false
0e44d110fa6a54e121cb2c095a77762f,SP,Sao Paulo,Brazil,6,83.33333333333333,16.666666666666668,4.333333333333333,false
13511db12ac61e2f89c53b72a944a60b,RS,Rio Grande do Sul,Brazil,6,83.33333333333333,16.666666666666668,3.5,false
14ee35374a7876217954b5fa08e50463,SP,Sao Paulo,Brazil,6,83.33333333333333,16.666666666666668,4.333333333333333,false
15ead3a5037a918ddb520dfe39a3d2b9,MG,Minas Gerais,Brazil,6,83.33333333333333,16.666666666666668,4.833333333333333,false
28ea411b354f14b1a494be4e79f0ce02,SP,Sao Paulo,Brazil,6,83.33333333333333,16.666666666666668,4.666666666666667,false
38874e327ce94d11390b96eb42d61928,SP,Sao Paulo,Brazil,6,83.33333333333333,16.666666666666668,4.0,false
3afc536624bc2e65bddfb5db33cc01f3,MG,Minas Gerais,Brazil,6,83.33333333333333,16.666666666666668,3.5,false
3dfd3dc96f7f8598eca74e9ac8a2fa31,SP,Sao Paulo,Brazil,6,83.33333333333333,16.666666666666668,4.0,false
3f2af2670e104d1bcb54022274daeac5,PR,Parana,Brazil,6,83.33333333333333,16.666666666666668,3.3333333333333335,false
4c61e37f664c3c88aff092aa5ac779d7,RJ,Rio de Janeiro,Brazil,6,83.33333333333333,16.666666666666668,4.0,false
50770d25768b0486d89be26afca3108f,SP,Sao Paulo,Brazil,6,83.33333333333333,16.666666666666668,4.0,false
5d378b73ab7dd6f0418d743e5dcb0bd1,SP,Sao Paulo,Brazil,6,83.33333333333333,16.666666666666668,3.8333333333333335,false
71271995e85f5b8530be99ed54a91b89,RS,Rio Grande do Sul,Brazil,6,83.33333333333333,16.666666666666668,3.0,false
78744a20ee2f80ba64f6804c25def2b8,PE,Pernambuco,Brazil,6,83.33333333333333,16.666666666666668,4.166666666666667,false
7f40d06aa0b5f1aa4f41af8c0480e2ef,SP,Sao Paulo,Brazil,6,83.33333333333333,16.666666666666668,4.833333333333333,false
80f2cf9abf6b5a0e5c612b5eea6646e6,SP,Sao Paulo,Brazil,6,83.33333333333333,16.666666666666668,5.0,false
a254c682cc01e119f83530446f1df9a9,SP,Sao Paulo,Brazil,6,83.33333333333333,16.666666666666668,4.0,false
a4b6b9b992b46e9ef863637af96e04bc,SC,Santa Catarina,Brazil,6,83.33333333333333,16.666666666666668,3.6666666666666665,false
a63bfbaa882c8f4542891b4e2246cc7f,RJ,Rio de Janeiro,Brazil,6,83.33333333333333,16.666666666666668,5.0,false
a64e44665225d19dfc0277eeeaaccc57,SP,Sao Paulo,Brazil,6,83.33333333333333,16.666666666666668,5.0,false
af7cdac9d9897cddead9c6b08976c642,SP,Sao Paulo,Brazil,6,83.33333333333333,16.666666666666668,3.6666666666666665,false
ba6ce6de456f6c11d08c17701ba5c26f,SP,Sao Paulo,Brazil,6,83.33333333333333,16.666666666666668,4.166666666666667,false
baa49d93c8c8841e27400a300f5d74b2,SC,Santa Catarina,Brazil,6,83.33333333333333,16.666666666666668,4.5,false
bc503e244f187939d10c92a5c8e378ce,SP,Sao Paulo,Brazil,6,83.33333333333333,16.666666666666668,3.5,false
c5e60e39c0f42b8e827daa13cff74afa,SP,Sao Paulo,Brazil,6,83.33333333333333,16.666666666666668,4.5,false
cf8ab1616079e2793aa29d524df01bb1,SP,Sao Paulo,Brazil,6,83.33333333333333,16.666666666666668,2.5,false
d6b664fa0667064c6d76394e7848d790,SP,Sao Paulo,Brazil,6,83.33333333333333,16.666666666666668,4.833333333333333,false
e45edf75f568ed2f93f78d060e246e25,RJ,Rio de Janeiro,Brazil,6,83.33333333333333,16.666666666666668,4.166666666666667,false
eba88037e1dca898cd02881f67ced679,SP,Sao Paulo,Brazil,6,83.33333333333333,16.666666666666668,4.333333333333333,false
edd066cd02126d7800f9b66e980e9931,DF,Distrito Federal,Brazil,6,83.33333333333333,16.666666666666668,5.0,false
f419677537694f0462a91990df6ca44f,SP,Sao Paulo,Brazil,6,83.33333333333333,16.666666666666668,4.0,false
fe87f472055fbcf1d7e691c00b1560dc,SP,Sao Paulo,Brazil,6,83.33333333333333,16.666666666666668,4.5,false
bbad7e518d7af88a0897397ffdca1979,SP,Sao Paulo,Brazil,67,83.58208955223881,16.417910447761194,3.1791044776119404,true
a6fe7de3d16f6149ffe280349a8535a0,SP,Sao Paulo,Brazil,49,83.6734693877551,16.3265306122449,4.040816326530612,true
8160255418d5aaa7dbdc9f4c64ebda44,SP,Sao Paulo,Brazil,376,83.77659574468085,16.22340425531915,3.9547872340425534,true
3b872fd4747f01cc56206f2934198618,SP,Sao Paulo,Brazil,25,84.0,16.0,3.88,false
adbc26658d6c7b4b6219f9d934598091,PR,Parana,Brazil,88,84.0909090909091,15.909090909090908,4.125,true
dd7ddc04e1b6c2c614352b383efe2d36,SP,Sao Paulo,Brazil,120,84.16666666666667,15.833333333333334,3.875,true
11bfa66332777660bd0640ee84d47006,SP,Sao Paulo,Brazil,76,84.21052631578948,15.789473684210526,3.8947368421052633,true
05f51e13da97139648b8125c31e5f51b,MG,Minas Gerais,Brazil,57,84.21052631578948,15.789473684210526,4.228070175438597,true
75d34ebb1bd0bd7dde40dd507b8169c3,BA,Bahia,Brazil,57,84.21052631578948,15.789473684210526,3.9298245614035086,true
04e38a233f726ef161074ab1c9b0399a,SP,Sao Paulo,Brazil,19,84.21052631578948,15.789473684210526,4.105263157894737,false
411f3b52d857390502ee4e4d5ceabc2d,SP,Sao Paulo,Brazil,19,84.21052631578948,15.789473684210526,4.105263157894737,false
52f0fe436a347ddad7ed5f9aa4e27eaa,SP,Sao Paulo,Brazil,19,84.21052631578948,15.789473684210526,3.736842105263158,false
67883baaae6134ee81b271a542613728,SP,Sao Paulo,Brazil,19,84.21052631578948,15.789473684210526,4.105263157894737,false
7bac63f6603d382cc8d0832eb6c100a8,SP,Sao Paulo,Brazil,19,84.21052631578948,15.789473684210526,4.0,false
f08c008c8a8d31417763738a1788a2a8,PR,Parana,Brazil,19,84.21052631578948,15.789473684210526,3.4210526315789473,false
f593898ec748b7a8cb81fc04edafd98a,SP,Sao Paulo,Brazil,19,84.21052631578948,15.789473684210526,3.6842105263157894,false
ba143b05f0110f0dc71ad71b4466ce92,SP,Sao Paulo,Brazil,83,84.33734939759036,15.662650602409638,4.457831325301205,true
431af27f296bc6519d890aa5a05fdb11,SP,Sao Paulo,Brazil,115,84.34782608695652,15.652173913043478,3.8,true
f7ba60f8c3f99e7ee4042fdef03b70c4,SP,Sao Paulo,Brazil,218,84.40366972477064,15.596330275229358,4.220183486238532,true
2c9e548be18521d1c43cde1c582c6de8,SP,Sao Paulo,Brazil,122,84.42622950819673,15.573770491803279,4.131147540983607,true
3f3486b61f45078d4f31ee5e43d8c5bb,SP,Sao Paulo,Brazil,39,84.61538461538461,15.384615384615385,4.333333333333333,true
cee48807215b30a12ca2ca10ffb5f250,SP,Sao Paulo,Brazil,39,84.61538461538461,15.384615384615385,3.769230769230769,true
3771c85bac139d2344864ede5d9341e3,SP,Sao Paulo,Brazil,26,84.61538461538461,15.384615384615385,3.8461538461538463,false
8d79c8a04e42d722a75097ce5cbcf2ef,CE,Ceara,Brazil,26,84.61538461538461,15.384615384615385,4.576923076923077,false
00720abe85ba0859807595bbf045a33b,SP,Sao Paulo,Brazil,13,84.61538461538461,15.384615384615385,3.6153846153846154,false
562f8cfc51f265411f487d07e9c40e7f,MG,Minas Gerais,Brazil,13,84.61538461538461,15.384615384615385,4.538461538461538,false
5b07547f10dd980738a1a27f685af669,SP,Sao Paulo,Brazil,13,84.61538461538461,15.384615384615385,4.461538461538462,false
655220df33262c7e0c4949a147366f94,SP,Sao Paulo,Brazil,13,84.61538461538461,15.384615384615385,4.076923076923077,false
6f229cc508fc6915ed5c499efd93baa4,RJ,Rio de Janeiro,Brazil,13,84.61538461538461,15.384615384615385,4.384615384615385,false
7c4618c82226628831613e95e9c22f44,SP,Sao Paulo,Brazil,13,84.61538461538461,15.384615384615385,4.076923076923077,false
c679fb69a36e1d8349e8c50a217b4d58,RS,Rio Grande do Sul,Brazil,13,84.61538461538461,15.384615384615385,3.8461538461538463,false
ff1fb4c404b2efe68b03350a8dc24122,SP,Sao Paulo,Brazil,46,84.78260869565217,15.217391304347826,4.0,true
0ffa40d54288e4f3499b8780dd0f144f,SP,Sao Paulo,Brazil,33,84.84848484848484,15.151515151515152,4.484848484848484,true
a888faf2d1baececa6baf9c3d603ee1f,PR,Parana,Brazil,53,84.90566037735849,15.09433962264151,4.09433962264151,true
3ade81dab5a172b88e1871c28ae05260,SP,Sao Paulo,Brazil,27,85.18518518518519,14.814814814814815,4.185185185185185,false
4aba391bc3b88717ce08eb11e44937b2,BA,Bahia,Brazil,27,85.18518518518519,14.814814814814815,4.0,false
23613d49c3ac2bd302259e55c06c050c,SP,Sao Paulo,Brazil,68,85.29411764705883,14.705882352941176,3.8676470588235294,true
e96498ed8daaa3e9c23f7a62da76591c,SP,Sao Paulo,Brazil,34,85.29411764705883,14.705882352941176,3.9411764705882355,true
8f2ce03f928b567e3d56181ae20ae952,SP,Sao Paulo,Brazil,150,85.33333333333333,14.666666666666666,4.1466666666666665,true
2089a6d640999f9b9141ac719b2af596,SP,Sao Paulo,Brazil,41,85.36585365853658,14.634146341463415,3.926829268292683,true
23c38debaffe4a25a30fdbd9b586a13f,SP,Sao Paulo,Brazil,41,85.36585365853658,14.634146341463415,4.317073170731708,true
834f8533b2ecb6598dd004ff3de7203a,SP,Sao Paulo,Brazil,41,85.36585365853658,14.634146341463415,3.951219512195122,true
abe42c5d03695b4257b5c6cbf4e6784e,RJ,Rio de Janeiro,Brazil,48,85.41666666666667,14.583333333333334,3.9583333333333335,true
f3da5b2ff499efb8d4a6d371d175d7dd,SP,Sao Paulo,Brazil,76,85.52631578947368,14.473684210526315,3.914473684210526,true
c31eff8334d6b3047ed34bebd4d62c36,SP,Sao Paulo,Brazil,119,85.71428571428571,14.285714285714286,3.8739495798319328,true
0b35c634521043bf4b47e21547b99ab5,PR,Parana,Brazil,49,85.71428571428571,14.285714285714286,3.4081632653061225,true
2d50d6282f8aa2257819a77bfaa0efe0,SP,Sao Paulo,Brazil,42,85.71428571428571,14.285714285714286,3.8095238095238093,true
b18dc380845b24038cfc48006478f099,SP,Sao Paulo,Brazil,42,85.71428571428571,14.285714285714286,4.214285714285714,true
323ce52b5b81df2cd804b017b7f09aa7,SP,Sao Paulo,Brazil,28,85.71428571428571,14.285714285714286,4.428571428571429,false
2156f2671501a81034d7d07f217609d0,SP,Sao Paulo,Brazil,21,85.71428571428571,14.285714285714286,4.0,false
7139dc5186aa238b006e066d8fbab2e4,SP,Sao Paulo,Brazil,21,85.71428571428571,14.285714285714286,4.0,false
d71d863e5ef30d94e440c11be17dcd8f,SP,Sao Paulo,Brazil,21,85.71428571428571,14.285714285714286,3.3333333333333335,false
014c0679dd340a0e338872e7ec85666a,MG,Minas Gerais,Brazil,14,85.71428571428571,14.285714285714286,3.857142857142857,false
218f991754f360af9c2daa5e0b8e990c,SP,Sao Paulo,Brazil,14,85.71428571428571,14.285714285714286,3.642857142857143,false
45213867cefbf2cd4c6177e10216a951,SP,Sao Paulo,Brazil,14,85.71428571428571,14.285714285714286,3.857142857142857,false
5a413ade68e8f8d93071a7f52a64cb9e,SP,Sao Paulo,Brazil,14,85.71428571428571,14.285714285714286,4.642857142857143,false
a6bd7d1ccdac48c6b33b28596b7eb122,PB,Paraiba,Brazil,14,85.71428571428571,14.285714285714286,3.5,false
ffeee66ac5d5a62fe688b9d26f83f534,SP,Sao Paulo,Brazil,14,85.71428571428571,14.285714285714286,4.214285714285714,false
13f57c12a00ed4610db646b913a7f5c6,SP,Sao Paulo,Brazil,7,85.71428571428571,14.285714285714286,4.857142857142857,false
20a8b0dc55da94fe74d112082427c84f,SP,Sao Paulo,Brazil,7,85.71428571428571,14.285714285714286,4.285714285714286,false
2b03ac196f5ed62ac483960fe0fa3b65,SP,Sao Paulo,Brazil,7,85.71428571428571,14.285714285714286,4.142857142857143,false
2f09f7d37a97956d11cc1a7cadd5262b,SP,Sao Paulo,Brazil,7,85.71428571428571,14.285714285714286,4.0,false
35fb511489d9ee3ee27a76debce9df06,PR,Parana,Brazil,7,85.71428571428571,14.285714285714286,3.5714285714285716,false
37dd29b36c458d82f74a953c40c43645,SP,Sao Paulo,Brazil,7,85.71428571428571,14.285714285714286,3.857142857142857,false
38e6dada03429a47197d5d584d793b41,SP,Sao Paulo,Brazil,7,85.71428571428571,14.285714285714286,4.428571428571429,false
4ef4c39cf3c24f326434cf0b2e48046a,SP,Sao Paulo,Brazil,7,85.71428571428571,14.285714285714286,3.7142857142857144,false
51ed72984a04e5dd35c2b27e77179038,SP,Sao Paulo,Brazil,7,85.71428571428571,14.285714285714286,3.5714285714285716,false
78a4d36f65a019172c6154468831a69f,SP,Sao Paulo,Brazil,7,85.71428571428571,14.285714285714286,4.285714285714286,false
7d7d2b7a51328016102d4528c411d630,SP,Sao Paulo,Brazil,7,85.71428571428571,14.285714285714286,4.142857142857143,false
7ecef8194babfec876ca720714327841,SP,Sao Paulo,Brazil,7,85.71428571428571,14.285714285714286,4.285714285714286,false
8378eb36b6b70c5734e83ad7b8cdc3b7,SC,Santa Catarina,Brazil,7,85.71428571428571,14.285714285714286,3.857142857142857,false
87e24fc7052259b1f7f607d61c10d8be,SP,Sao Paulo,Brazil,7,85.71428571428571,14.285714285714286,3.857142857142857,false
94b9108d4b637ba65bb4f1e53cfcf8d8,SP,Sao Paulo,Brazil,7,85.71428571428571,14.285714285714286,4.428571428571429,false
9a03a4e9eb0b947652fae4f6121a3f5e,SP,Sao Paulo,Brazil,7,85.71428571428571,14.285714285714286,3.857142857142857,false
9c7fd21e0aa159b20da593371f08ff7c,SP,Sao Paulo,Brazil,7,85.71428571428571,14.285714285714286,3.2857142857142856,false
ac6417315ae5da8f9a38ee11de6f7780,SP,Sao Paulo,Brazil,7,85.71428571428571,14.285714285714286,4.142857142857143,false
b248792ac0b60ec3f93d80af1b4fae47,SP,Sao Paulo,Brazil,7,85.71428571428571,14.285714285714286,3.857142857142857,false
b3b17aab11f273023a5f22ca52e1eb70,PR,Parana,Brazil,7,85.71428571428571,14.285714285714286,4.857142857142857,false
e4ebd3f87bf70440014f07ddda7fbe03,SP,Sao Paulo,Brazil,7,85.71428571428571,14.285714285714286,4.571428571428571,false
fa3a0b5aabb344b9a92e3524b0202123,SP,Sao Paulo,Brazil,7,85.71428571428571,14.285714285714286,4.142857142857143,false
fe26f3ecb51a15e6d8335cd92da42562,SP,Sao Paulo,Brazil,7,85.71428571428571,14.285714285714286,4.428571428571429,false
b561927807645834b59ef0d16ba55a24,SP,Sao Paulo,Brazil,85,85.88235294117646,14.117647058823529,4.341176470588235,true
b2479f944e1b90cf8a5de1bbfde284d6,SP,Sao Paulo,Brazil,100,86.0,14.0,3.5,true
e2aee0892199b1d92530e371abd825bf,PR,Parana,Brazil,36,86.11111111111111,13.88888888888889,3.888888888888889,true
1eade46fba20122dc4aefb379f8c636b,SP,Sao Paulo,Brazil,58,86.20689655172414,13.793103448275861,4.431034482758621,true
6fd52c528dcb38be2eea044946b811f8,SP,Sao Paulo,Brazil,66,86.36363636363636,13.636363636363637,3.393939393939394,true
903037660cf848a717166eb7a06d616e,SP,Sao Paulo,Brazil,44,86.36363636363636,13.636363636363637,3.9545454545454546,true
13d058e4eeac2ce8217660b2f8a05812,SP,Sao Paulo,Brazil,22,86.36363636363636,13.636363636363637,4.181818181818182,false
39d54ff918774174706fb065d7f9dc07,SP,Sao Paulo,Brazil,22,86.36363636363636,13.636363636363637,4.045454545454546,false
7901646fdd36a55f564ffaf2dbccaaf7,RJ,Rio de Janeiro,Brazil,22,86.36363636363636,13.636363636363637,4.5,false
7b1222c3624aa89b9558b50a2594188c,SP,Sao Paulo,Brazil,22,86.36363636363636,13.636363636363637,4.454545454545454,false
7aa4334be125fcdd2ba64b3180029f14,SP,Sao Paulo,Brazil,213,86.3849765258216,13.615023474178404,4.131455399061033,true
2eb70248d66e0e3ef83659f71b244378,SP,Sao Paulo,Brazil,184,86.41304347826087,13.58695652173913,2.7907608695652173,true
855668e0971d4dfd7bef1b6a4133b41b,SP,Sao Paulo,Brazil,296,86.48648648648648,13.513513513513514,3.85472972972973,true
14d7985702e72162bbf13b6beb74ab2b,SP,Sao Paulo,Brazil,37,86.48648648648648,13.513513513513514,4.324324324324325,true
f84fa566034f5e8e880a07ec624c56af,SP,Sao Paulo,Brazil,89,86.51685393258427,13.48314606741573,4.247191011235955,true
2e90cb1677d35cfe24eef47d441b7c87,SP,Sao Paulo,Brazil,127,86.61417322834646,13.385826771653543,4.118110236220472,true
b74d1c09cb380e1d03a6f859c6f4224b,RJ,Rio de Janeiro,Brazil,30,86.66666666666667,13.333333333333334,4.3,true
e38db885400cd35c71dfd162f2c1dbcf,DF,Distrito Federal,Brazil,30,86.66666666666667,13.333333333333334,4.466666666666667,true
2646baaf662d4d92ac48f047e35db92d,SP,Sao Paulo,Brazil,15,86.66666666666667,13.333333333333334,4.466666666666667,false
55bb6fe5bebe5012e2d7d9928e1128ff,SP,Sao Paulo,Brazil,15,86.66666666666667,13.333333333333334,3.466666666666667,false
67bf6941ba2f1fa1d02c375766bc3e53,PR,Parana,Brazil,15,86.66666666666667,13.333333333333334,4.333333333333333,false
6bb0724edf0b62fb91ac404873a97241,SP,Sao Paulo,Brazil,15,86.66666666666667,13.333333333333334,4.466666666666667,false
820cc752a266cdc6c1a1e61dd4583330,PR,Parana,Brazil,15,86.66666666666667,13.333333333333334,4.133333333333334,false
86bb7c4b535e49a541baf3266b1c95b1,SP,Sao Paulo,Brazil,15,86.66666666666667,13.333333333333334,3.2,false
8b8cfc8305aa441e4239358c9f6f2485,PR,Parana,Brazil,15,86.66666666666667,13.333333333333334,4.2,false
989becdce12ebc39863c2bceab6f3ca1,PR,Parana,Brazil,15,86.66666666666667,13.333333333333334,4.8,false
c4fb51fb1c5b7c07bc5e67be6e7e8f6e,PR,Parana,Brazil,15,86.66666666666667,13.333333333333334,3.533333333333333,false
440dd6ab244315c632130ecfb63827b1,SP,Sao Paulo,Brazil,91,86.81318681318682,13.186813186813186,3.89010989010989,true
06579cb253ecd5a3a12a9e6eb6bf8f47,SP,Sao Paulo,Brazil,61,86.88524590163935,13.114754098360656,4.131147540983607,true
5058e8c1e82653974541e83690655b4a,SP,Sao Paulo,Brazil,61,86.88524590163935,13.114754098360656,3.2459016393442623,true
900ba814c251a692506d7834c1218441,SP,Sao Paulo,Brazil,84,86.9047619047619,13.095238095238095,4.226190476190476,true
23a0ffca143a15b9b5bbdb7d552f626a,SP,Sao Paulo,Brazil,23,86.95652173913044,13.043478260869565,3.9130434782608696,false
977f9f63dd360c2a32ece2f93ad6d306,SP,Sao Paulo,Brazil,23,86.95652173913044,13.043478260869565,3.869565217391304,false
a36b125ac6d5fdbc7f50de85c9157bdc,SP,Sao Paulo,Brazil,23,86.95652173913044,13.043478260869565,3.9565217391304346,false
b499c00f28f4b7069ff6550af8c1348a,SP,Sao Paulo,Brazil,147,87.07482993197279,12.92517006802721,4.2312925170068025,true
59b22a78efb79a4797979612b885db36,MG,Minas Gerais,Brazil,124,87.09677419354838,12.903225806451612,3.9838709677419355,true
dd533b429f380718b70ad9922c294bae,SP,Sao Paulo,Brazil,39,87.17948717948718,12.820512820512821,3.923076923076923,true
4c498c7345e89aebad651544829beca0,SP,Sao Paulo,Brazil,47,87.23404255319149,12.76595744680851,4.276595744680851,true
b33e7c55446eabf8fe1a42d037ac7d6d,SP,Sao Paulo,Brazil,149,87.24832214765101,12.751677852348994,4.201342281879195,true
a416b6a846a11724393025641d4edd5e,SP,Sao Paulo,Brazil,157,87.26114649681529,12.738853503184714,4.2165605095541405,true
3df020b72d3d44b3af9d110fa3940b65,SP,Sao Paulo,Brazil,55,87.27272727272727,12.727272727272727,4.054545454545455,true
7ad32824caee82087b3e2e5f33b1bf32,SP,Sao Paulo,Brazil,144,87.5,12.5,3.861111111111111,true
f46490624488d3ff7ce78613913a7711,SP,Sao Paulo,Brazil,80,87.5,12.5,3.7625,true
fffd5413c0700ac820c7069d66d98c89,SP,Sao Paulo,Brazil,56,87.5,12.5,3.892857142857143,true
f62d7bb4a613ec758a03342d46b580b2,MG,Minas Gerais,Brazil,32,87.5,12.5,4.375,true
2709af9587499e95e803a6498a5a56e9,SP,Sao Paulo,Brazil,24,87.5,12.5,3.9583333333333335,false
e89c4adbe7b1d0819dbb636e16461cf1,SP,Sao Paulo,Brazil,24,87.5,12.5,3.8333333333333335,false
2d2c62bef4c8ba0dd74e0e228e808539,SP,Sao Paulo,Brazil,16,87.5,12.5,4.125,false
3935fe5fe0f82787a9dcb8deb62be09d,SP,Sao Paulo,Brazil,16,87.5,12.5,4.0,false
610f72e407cdd7caaa2f8167b0163fd8,SP,Sao Paulo,Brazil,16,87.5,12.5,3.625,false
9c068d10aca38e85c50202e17b4a7e88,MS,Mato Grosso do Sul,Brazil,16,87.5,12.5,4.125,false
a2b5b6105ea5942300631d2e76f4ffe0,SP,Sao Paulo,Brazil,16,87.5,12.5,4.75,false
ad97a199236354e53fcd91a5a913e9a2,SC,Santa Catarina,Brazil,16,87.5,12.5,4.5,false
afa6714acee029b2dfdf357e5579cc03,SP,Sao Paulo,Brazil,16,87.5,12.5,4.25,false
b33aaadd1a8891d2dfef0c4c3bdf0371,SP,Sao Paulo,Brazil,16,87.5,12.5,3.9375,false
c794dab4928dd97beb41d05514441e86,SP,Sao Paulo,Brazil,16,87.5,12.5,4.375,false
f125f3a310c2e5f822d116147de1e474,SP,Sao Paulo,Brazil,16,87.5,12.5,4.1875,false
fcdd820084f17e9982427971e4e9d47f,SP,Sao Paulo,Brazil,16,87.5,12.5,3.9375,false
04fdea0c111866e6cf812f1570d6b5bd,SP,Sao Paulo,Brazil,8,87.5,12.5,3.5,false
15fa791d5e017f66402dc28c44480657,SP,Sao Paulo,Brazil,8,87.5,12.5,4.25,false
1dd33b8119b3cb1056ed5dc88cd0aaf4,SP,Sao Paulo,Brazil,8,87.5,12.5,3.75,false
27a56ff04b34c2ba34ce6ba4d3b9d616,SP,Sao Paulo,Brazil,8,87.5,12.5,4.125,false
2d2322d842118867781fc737e96d59a1,SP,Sao Paulo,Brazil,8,87.5,12.5,4.875,false
3492e68f37fd1df87f4f2f2ea247f445,SP,Sao Paulo,Brazil,8,87.5,12.5,3.875,false
3968920b9aa752ab98f7d5888c9252f2,SP,Sao Paulo,Brazil,8,87.5,12.5,3.875,false
3d4824f20035949c710eaf111f869d39,SP,Sao Paulo,Brazil,8,87.5,12.5,4.0,false
406740ee611378a662d274c7d8c43c4a,ES,Espirito Santo,Brazil,8,87.5,12.5,4.375,false
439a47cc365d6e3bd526812ea9de3c29,SP,Sao Paulo,Brazil,8,87.5,12.5,4.25,false
4e8dacf3d38f281ae26c3e0321d92d88,SP,Sao Paulo,Brazil,8,87.5,12.5,3.125,false
577719699805dd125d5b6fdde5943bba,RS,Rio Grande do Sul,Brazil,8,87.5,12.5,4.375,false
5e105f5c9f63f5f1fd75d6cb942e55b1,SP,Sao Paulo,Brazil,8,87.5,12.5,4.5,false
6562efe88ce0826a4ca4f189f03b4b84,PR,Parana,Brazil,8,87.5,12.5,3.875,false
67225bff54a172ff67579aaf583efd78,PA,Para,Brazil,8,87.5,12.5,4.5,false
6e0908ef4d4efadbc3cc2b74ea477cb0,RJ,Rio de Janeiro,Brazil,8,87.5,12.5,3.75,false
6eb94e1466490d327a09abf8f3552a50,SP,Sao Paulo,Brazil,8,87.5,12.5,4.75,false
7bcd7c5f8631701474db233ccf1c094b,SP,Sao Paulo,Brazil,8,87.5,12.5,4.375,false
81783131d2a97c8d44d406a4be81b5d9,SP,Sao Paulo,Brazil,8,87.5,12.5,4.5,false
8a9260f2b0340411d6d2a56bcf4f7378,MG,Minas Gerais,Brazil,8,87.5,12.5,4.75,false
8f580d36c1e9d6fbce95283403c7d447,SP,Sao Paulo,Brazil,8,87.5,12.5,4.375,false
ba6b4a237f92479743cf0ca06b67a9ac,RJ,Rio de Janeiro,Brazil,8,87.5,12.5,4.25,false
c1ed9e3daf6154542826a6996af0fb8c,SC,Santa Catarina,Brazil,8,87.5,12.5,4.25,false
c35affa65afd250151285c5917fc1c8a,SP,Sao Paulo,Brazil,8,87.5,12.5,4.25,false
c6218512d16fcac0af02fe92691cf274,MG,Minas Gerais,Brazil,8,87.5,12.5,4.0625,false
daf565f087a52def0fd5c5825b3661bc,SC,Santa Catarina,Brazil,8,87.5,12.5,3.625,false
e83c76265fc54bf41eac728805e4da77,SP,Sao Paulo,Brazil,8,87.5,12.5,3.625,false
e8a85b5f3df47be0984c55fd4064dbb4,DF,Distrito Federal,Brazil,8,87.5,12.5,4.5,false
7e1fb0a3ebfb01ffb3a7dae98bf3238d,SP,Sao Paulo,Brazil,153,87.58169934640523,12.418300653594772,4.189542483660131,true
b1fc4f64df5a0e8b6913ab38803c57a9,RJ,Rio de Janeiro,Brazil,105,87.61904761904762,12.380952380952381,3.857142857142857,true
643214e62b870443ccbe55ab29a4dccf,SP,Sao Paulo,Brazil,65,87.6923076923077,12.307692307692308,4.4,true
7681ef142fd2c19048da7430856b5588,SP,Sao Paulo,Brazil,57,87.71929824561404,12.280701754385966,4.228070175438597,true
7d13fca15225358621be4086e1eb0964,SP,Sao Paulo,Brazil,555,87.74774774774775,12.252252252252251,4.0414414414414415,true
048c2757535328e0d7dac690ad3c0aae,SP,Sao Paulo,Brazil,49,87.75510204081633,12.244897959183673,4.244897959183674,true
50c9975695009e5e6473912e83a6d1da,MG,Minas Gerais,Brazil,49,87.75510204081633,12.244897959183673,3.938775510204082,true
0ed6ce5d87fd9c69eaacaeb778d67235,SP,Sao Paulo,Brazil,41,87.8048780487805,12.195121951219512,4.390243902439025,true
1da366cade6d8276e7d8beea7af5d4bf,MG,Minas Gerais,Brazil,41,87.8048780487805,12.195121951219512,3.975609756097561,true
d3f39f05462b79a4562d35893a28f159,SP,Sao Paulo,Brazil,33,87.87878787878788,12.121212121212121,3.606060606060606,true
7e3f87d16fb353f408d467e74fbd8014,SP,Sao Paulo,Brazil,91,87.91208791208791,12.087912087912088,4.164835164835165,true
b14db04aa7881970e83ffa9426897925,SP,Sao Paulo,Brazil,75,88.0,12.0,3.7733333333333334,true
165fc07beebdcb6190fba8a06db2a449,PR,Parana,Brazil,50,88.0,12.0,3.8,true
15aac934c58d886785ac1b17953ea898,ES,Espirito Santo,Brazil,25,88.0,12.0,4.24,false
198c7ea11960a9844b544d9bcdca860c,MG,Minas Gerais,Brazil,25,88.0,12.0,3.88,false
1dc2de47ee26a0a5b12dc14fd6dc0dea,SP,Sao Paulo,Brazil,25,88.0,12.0,4.56,false
edf96ef93ed595084bbcbd9224bd2894,SP,Sao Paulo,Brazil,25,88.0,12.0,3.88,false
cfb1a033743668a192316f3c6d1d2671,SP,Sao Paulo,Brazil,142,88.02816901408451,11.971830985915492,4.038732394366197,true
04308b1ee57b6625f47df1d56f00eedf,SC,Santa Catarina,Brazil,92,88.04347826086956,11.956521739130435,3.9456521739130435,true
0dd184061fb0eaa7ca37932c68ab91c5,SP,Sao Paulo,Brazil,160,88.125,11.875,4.03125,true
e62b2d6ac10570a035a30bafcf01d263,SP,Sao Paulo,Brazil,59,88.13559322033899,11.864406779661017,3.9661016949152543,true
1835b56ce799e6a4dc4eddc053f04066,SP,Sao Paulo,Brazil,414,88.16425120772946,11.83574879227053,3.6630434782608696,true
729f06993dac8e860d4f02d7088ca48a,SP,Sao Paulo,Brazil,93,88.17204301075269,11.827956989247312,4.21505376344086,true
7d76b645482be4a332374e8223836592,SP,Sao Paulo,Brazil,170,88.23529411764706,11.764705882352942,4.0,true
6fc26fe110feebd80a433e1f012a84f9,SP,Sao Paulo,Brazil,34,88.23529411764706,11.764705882352942,3.911764705882353,true
392e0502231ae2f8b29994ef6398cd77,SP,Sao Paulo,Brazil,17,88.23529411764706,11.764705882352942,4.352941176470588,false
3dbbce181edfaa4a597ec858c382d2ec,PR,Parana,Brazil,17,88.23529411764706,11.764705882352942,4.235294117647059,false
f63d8f293af3a6454377546bd9dd19ff,SP,Sao Paulo,Brazil,17,88.23529411764706,11.764705882352942,4.470588235294118,false
3db66a856d18a9cba7c9241fc5221c50,MG,Minas Gerais,Brazil,94,88.29787234042553,11.702127659574469,4.191489361702128,true
34056b8b55c1775a22af2331670a799c,SP,Sao Paulo,Brazil,77,88.31168831168831,11.688311688311689,4.038961038961039,true
406822777a0b9eb5c50e442dd4cd3ec5,SP,Sao Paulo,Brazil,43,88.37209302325581,11.627906976744185,4.325581395348837,true
77530e9772f57a62c906e1c21538ab82,PR,Parana,Brazil,312,88.46153846153847,11.538461538461538,4.147435897435898,true
06df0c10d34e459d9672bc77388742eb,PR,Parana,Brazil,26,88.46153846153847,11.538461538461538,4.346153846153846,false
77a515caa36327151d1cc6c32a9f00e1,SP,Sao Paulo,Brazil,26,88.46153846153847,11.538461538461538,4.423076923076923,false
e5e33c0d8e7e002f398f5dc4cbbb338f,SP,Sao Paulo,Brazil,26,88.46153846153847,11.538461538461538,4.576923076923077,false
c3867b4666c7d76867627c2f7fb22e21,SP,Sao Paulo,Brazil,226,88.49557522123894,11.504424778761061,4.079646017699115,true
4869f7a5dfa277a7dca6462dcf3b52b2,SP,Sao Paulo,Brazil,1116,88.5304659498208,11.469534050179211,4.150537634408602,true
11305281b50fff20ae8bb473f8e11876,MG,Minas Gerais,Brazil,35,88.57142857142857,11.428571428571429,4.314285714285714,true
972d0f9cf61b499a4812cf0bfa3ad3c4,SC,Santa Catarina,Brazil,79,88.60759493670886,11.39240506329114,3.0253164556962027,true
f84a00e60c73a49e7e851c9bdca3a5bb,RJ,Rio de Janeiro,Brazil,88,88.63636363636364,11.363636363636363,3.897727272727273,true
99eaacc9e6046db1c82b163c5f84869f,SP,Sao Paulo,Brazil,63,88.88888888888889,11.11111111111111,4.0,true
d9bd94811c3338dceb4181f3dbc0c73e,SP,Sao Paulo,Brazil,54,88.88888888888889,11.11111111111111,4.796296296296297,true
382229d1e840115ffe3dbf5ff460e417,RJ,Rio de Janeiro,Brazil,45,88.88888888888889,11.11111111111111,4.266666666666667,true
db2956745b3a8e9f3785c99f34b5d25e,SP,Sao Paulo,Brazil,45,88.88888888888889,11.11111111111111,3.8444444444444446,true
f181738b150df1f37cb0bd72e705b193,SP,Sao Paulo,Brazil,36,88.88888888888889,11.11111111111111,4.472222222222222,true
1f1bb1f0859883505541bdd6606193e5,SP,Sao Paulo,Brazil,27,88.88888888888889,11.11111111111111,4.333333333333333,false
57c764b4a836300be881e2ff86e449f9,SP,Sao Paulo,Brazil,27,88.88888888888889,11.11111111111111,4.222222222222222,false
54c04bdb5ec46762f8f08c7e8f86ed4a,SC,Santa Catarina,Brazil,18,88.88888888888889,11.11111111111111,4.333333333333333,false
d51e0a403fe2e689ece6c73359d96e12,SP,Sao Paulo,Brazil,18,88.88888888888889,11.11111111111111,4.222222222222222,false
ea00f977a203ff88adf7057cb7806998,SP,Sao Paulo,Brazil,18,88.88888888888889,11.11111111111111,4.277777777777778,false
f5f2ab9bdb6b30c14c61be68c5ed37da,SP,Sao Paulo,Brazil,18,88.88888888888889,11.11111111111111,4.277777777777778,false
03a2a6dcbe45d639c4dc2a0d24769c40,SP,Sao Paulo,Brazil,9,88.88888888888889,11.11111111111111,4.111111111111111,false
07de60b03d150fb3ea09eab5da5e4c8b,SP,Sao Paulo,Brazil,9,88.88888888888889,11.11111111111111,4.333333333333333,false
1782ce2db72c3dda627d5e7c898104e1,SP,Sao Paulo,Brazil,9,88.88888888888889,11.11111111111111,4.333333333333333,false
1cbd50a8c52e6cf8e315c5709fab386f,PR,Parana,Brazil,9,88.88888888888889,11.11111111111111,3.7777777777777777,false
457fe919b032a3f7dadba6fb92cf7855,SP,Sao Paulo,Brazil,9,88.88888888888889,11.11111111111111,4.777777777777778,false
7210cd29727d674c00741e5e387b3ccd,SP,Sao Paulo,Brazil,9,88.88888888888889,11.11111111111111,4.444444444444445,false
7813ea3ebd9411dc600b4dd01f7a97b9,SP,Sao Paulo,Brazil,9,88.88888888888889,11.11111111111111,3.888888888888889,false
7fdb0720c8d7c9075538b365dc8c3a22,PR,Parana,Brazil,9,88.88888888888889,11.11111111111111,2.4444444444444446,false
8bdd8e3fd58bafa48af76b2c5fd71974,SP,Sao Paulo,Brazil,9,88.88888888888889,11.11111111111111,4.888888888888889,false
9e6967d3cf386d284251784b18ccb485,SP,Sao Paulo,Brazil,9,88.88888888888889,11.11111111111111,3.888888888888889,false
a1bea7061f61f6fdd9a85a6325ba1033,SP,Sao Paulo,Brazil,9,88.88888888888889,11.11111111111111,4.444444444444445,false
b18871c324516afa228a13e8f1ef0ae9,SP,Sao Paulo,Brazil,9,88.88888888888889,11.11111111111111,3.4444444444444446,false
b6dc74ed30f124f95227bed4e43a3bed,PR,Parana,Brazil,9,88.88888888888889,11.11111111111111,4.666666666666667,false
bafc5aa11e413978be29040f51342e70,MG,Minas Gerais,Brazil,9,88.88888888888889,11.11111111111111,3.7777777777777777,false
c0098efcf800861dcae589affca31408,SP,Sao Paulo,Brazil,9,88.88888888888889,11.11111111111111,4.777777777777778,false
c24173065483e421f9e5e7f599de101d,SP,Sao Paulo,Brazil,9,88.88888888888889,11.11111111111111,3.5555555555555554,false
c500367424994318b9e779ff1ae9a330,SP,Sao Paulo,Brazil,9,88.88888888888889,11.11111111111111,3.7777777777777777,false
d1582f4043306e6b91afa6a8a884f898,SP,Sao Paulo,Brazil,9,88.88888888888889,11.11111111111111,4.111111111111111,false
de9727ca376d1be6ec121b110aa7954c,PR,Parana,Brazil,9,88.88888888888889,11.11111111111111,3.6666666666666665,false
e8dba4d70f7f2b20e775d09cae01142d,SP,Sao Paulo,Brazil,9,88.88888888888889,11.11111111111111,4.333333333333333,false
eb3071b9f0b0ddaa2df5ea130f09f26b,SP,Sao Paulo,Brazil,9,88.88888888888889,11.11111111111111,4.555555555555555,false
f5f46307a4d15880ca14fab4ad9dfc9b,SC,Santa Catarina,Brazil,9,88.88888888888889,11.11111111111111,4.111111111111111,false
f9ec7093df3a7b346b7bcf7864069ca3,SP,Sao Paulo,Brazil,9,88.88888888888889,11.11111111111111,4.777777777777778,false
fe1bbc5feda5c8979a8a1b3b2512d5a6,MG,Minas Gerais,Brazil,9,88.88888888888889,11.11111111111111,3.888888888888889,false
4a3ca9315b744ce9f8e9374361493884,SP,Sao Paulo,Brazil,1753,88.99030233884768,11.00969766115231,3.8531089560752996,true
e9bc59e7b60fc3063eb2290deda4cced,PR,Parana,Brazil,209,88.99521531100478,11.004784688995215,4.076555023923445,true
70a12e78e608ac31179aea7f8422044b,SP,Sao Paulo,Brazil,310,89.03225806451613,10.96774193548387,3.8129032258064517,true
897060da8b9a21f655304d50fd935913,SP,Sao Paulo,Brazil,301,89.03654485049834,10.96345514950166,3.712624584717608,true
8b28d096634035667e8263d57ba3368c,SP,Sao Paulo,Brazil,137,89.05109489051095,10.94890510948905,4.014598540145985,true
ce248b21cb2adc36282ede306b7660e5,SC,Santa Catarina,Brazil,64,89.0625,10.9375,4.234375,true
16090f2ca825584b5a147ab24aa30c86,SP,Sao Paulo,Brazil,396,89.14141414141415,10.858585858585858,4.088383838383838,true
aba1721a889e04decc910aa13b768ef4,SP,Sao Paulo,Brazil,83,89.1566265060241,10.843373493975903,4.445783132530121,true
0176f73cc1195f367f7b32db1e5b3aa8,SP,Sao Paulo,Brazil,37,89.1891891891892,10.81081081081081,4.108108108108108,true
5b8154610ebb21fb90eb587365e673df,SP,Sao Paulo,Brazil,37,89.1891891891892,10.81081081081081,4.162162162162162,true
8648b1e89e9b349e32d3741b30ec737e,SP,Sao Paulo,Brazil,93,89.24731182795699,10.75268817204301,4.161290322580645,true
f27e33c6d29b5138fa9967bcd445b6d5,SP,Sao Paulo,Brazil,93,89.24731182795699,10.75268817204301,4.096774193548387,true
238fac594e170b59c6d228f5a4f4f1d9,SP,Sao Paulo,Brazil,28,89.28571428571429,10.714285714285714,4.0,false
6e386f64c84e482f0b9abf960797ee1b,SP,Sao Paulo,Brazil,28,89.28571428571429,10.714285714285714,4.607142857142857,false
c0563dd588b775f2e37747ef6ad6c92c,SP,Sao Paulo,Brazil,28,89.28571428571429,10.714285714285714,4.357142857142857,false
c8467937e403e76a8ee9f0ab13f6f5ef,MG,Minas Gerais,Brazil,28,89.28571428571429,10.714285714285714,4.071428571428571,false
d1ef48b38baca7e831711c4a0aeb398f,PR,Parana,Brazil,28,89.28571428571429,10.714285714285714,4.571428571428571,false
f12ff17ad8bbf01ec5c33b17e506649b,SP,Sao Paulo,Brazil,28,89.28571428571429,10.714285714285714,3.857142857142857,false
9c0e69c7bf2619675bbadf47b43f655a,SP,Sao Paulo,Brazil,150,89.33333333333333,10.666666666666666,4.173333333333333,true
f5a590cf36251cf1162ea35bef76fe84,SP,Sao Paulo,Brazil,113,89.38053097345133,10.619469026548673,4.274336283185841,true
4e922959ae960d389249c378d1c939f5,SP,Sao Paulo,Brazil,408,89.46078431372548,10.53921568627451,3.963235294117647,true
0cbcee27c791afa0cdcb08587a2013a8,MG,Minas Gerais,Brazil,38,89.47368421052632,10.526315789473685,3.9210526315789473,true
4c8b8048e33af2bf94f2eb547746a916,SP,Sao Paulo,Brazil,19,89.47368421052632,10.526315789473685,3.3684210526315788,false
6d988d6174a2c27441597174f8905515,PR,Parana,Brazil,19,89.47368421052632,10.526315789473685,4.105263157894737,false
784ba75dd9d20200c4caed3d7a77141a,SP,Sao Paulo,Brazil,19,89.47368421052632,10.526315789473685,4.131578947368421,false
9dda5bbacd45e18d6485fee649205d09,MG,Minas Gerais,Brazil,19,89.47368421052632,10.526315789473685,4.105263157894737,false
ce69a8021d18961dd2a40269b7c2c293,PR,Parana,Brazil,19,89.47368421052632,10.526315789473685,4.473684210526316,false
ef2fbc2b607d8492bcffe657a4645434,RJ,Rio de Janeiro,Brazil,19,89.47368421052632,10.526315789473685,4.0,false
8d956fec2e4337affcb520f56fd8cbfd,SP,Sao Paulo,Brazil,210,89.52380952380952,10.476190476190476,4.214285714285714,true
8b321bb669392f5163d04c59e235e066,SP,Sao Paulo,Brazil,926,89.52483801295897,10.475161987041037,4.10475161987041,true
f0b47fbbc6dee9aafe415a6e33051b3f,SP,Sao Paulo,Brazil,67,89.55223880597015,10.447761194029852,4.253731343283582,true
23d7c96d4a1160db1c726b248601b25a,SP,Sao Paulo,Brazil,48,89.58333333333333,10.416666666666666,3.9270833333333335,true
1f50f920176fa81dab994f9023523100,SP,Sao Paulo,Brazil,1394,89.59827833572453,10.401721664275467,4.140602582496413,true
ea8482cd71df3c1969d7b9473ff13abc,SP,Sao Paulo,Brazil,1126,89.60923623445827,10.39076376554174,4.0266429840142095,true
31da954dc0855f2495c6310f70a2f931,SP,Sao Paulo,Brazil,29,89.65517241379311,10.344827586206897,4.206896551724138,false
b4a476fbd28de64b1e347abf9089366a,SP,Sao Paulo,Brazil,29,89.65517241379311,10.344827586206897,4.137931034482759,false
ececbfcff9804a2d6b40f589df8eef2b,SP,Sao Paulo,Brazil,97,89.69072164948453,10.309278350515465,4.11340206185567,true
1900267e848ceeba8fa32d80c1a5f5a8,SP,Sao Paulo,Brazil,399,89.72431077694236,10.275689223057643,3.8659147869674184,true
4c2b230173bb36f9b240f2b8ac11786e,SP,Sao Paulo,Brazil,254,89.76377952755905,10.236220472440944,3.9763779527559056,true
a3e9a2c700480d9bb01fba070ba80a0e,SP,Sao Paulo,Brazil,127,89.76377952755905,10.236220472440944,4.003937007874016,true
c9c7905cffc4ef9ff9f113554423e671,SP,Sao Paulo,Brazil,127,89.76377952755905,10.236220472440944,4.141732283464567,true
391fc6631aebcf3004804e51b40bcf1e,SP,Sao Paulo,Brazil,518,89.76833976833977,10.231660231660232,4.047297297297297,true
37515688008a7a40ac93e3b2e4ab203f,SP,Sao Paulo,Brazil,225,89.77777777777777,10.222222222222221,4.102222222222222,true
634964b17796e64304cadf1ad3050fb7,RJ,Rio de Janeiro,Brazil,265,89.81132075471699,10.18867924528302,4.056603773584905,true
5343d0649eca2a983820bfe93fc4d17e,SP,Sao Paulo,Brazil,69,89.85507246376811,10.144927536231885,3.869565217391304,true
e59aa562b9f8076dd550fcddf0e73491,PR,Parana,Brazil,69,89.85507246376811,10.144927536231885,4.260869565217392,true
fd386aa7bed2af3c7035c65506c9b4a3,SP,Sao Paulo,Brazil,69,89.85507246376811,10.144927536231885,4.3478260869565215,true
d673a59aac7a70d8b01e6902bf090a11,SP,Sao Paulo,Brazil,79,89.87341772151899,10.126582278481013,3.911392405063291,true
1025f0e2d44d7041d6cf58b6550e0bfa,SP,Sao Paulo,Brazil,902,89.91130820399113,10.088691796008868,4.008869179600887,true
e9d99831abad74458942f21e16f33f92,SP,Sao Paulo,Brazil,129,89.92248062015504,10.077519379844961,3.9302325581395348,true
522620dcb18a6b31cd7bdf73665113a9,PR,Parana,Brazil,169,89.94082840236686,10.059171597633137,3.905325443786982,true
8581055ce74af1daba164fdbd55a40de,SP,Sao Paulo,Brazil,378,89.94708994708995,10.052910052910052,4.306878306878307,true
0d85bbda9889ce1f7e63778d24f346eb,MG,Minas Gerais,Brazil,50,90.0,10.0,4.2,true
1ce3ae5a399804d1a87e706f8a813c3e,SC,Santa Catarina,Brazil,40,90.0,10.0,3.75,true
c9aafcd0621b2207c10e32c649cada4d,SP,Sao Paulo,Brazil,40,90.0,10.0,4.325,true
2bf6a2c1e71bbd29a4ad64e6d3c3629f,RJ,Rio de Janeiro,Brazil,30,90.0,10.0,4.166666666666667,true
b2ac621f0d0322434d04a12b078b9369,PR,Parana,Brazil,30,90.0,10.0,4.4,true
e8b4225284fbb02d16f200513f1f395d,SP,Sao Paulo,Brazil,30,90.0,10.0,4.3,true
cfe94489ddd337d1e29e12f2a7205d10,SP,Sao Paulo,Brazil,20,90.0,10.0,4.3,false
d3674f271c91f824f82d24d92011f669,DF,Distrito Federal,Brazil,20,90.0,10.0,4.1,false
1690cada046eb7e92c12f98b1f8a8167,SP,Sao Paulo,Brazil,10,90.0,10.0,4.9,false
4be6b962d83299498bae2190f95d6566,SP,Sao Paulo,Brazil,10,90.0,10.0,4.1,false
5a6a02f419701fc8c605af71d4fc57a4,SP,Sao Paulo,Brazil,10,90.0,10.0,4.8,false
5ab05b6d86d417796c69ffd6774ec832,SP,Sao Paulo,Brazil,10,90.0,10.0,3.8,false
5b2e94f2c22b39ccc24d34ad0f669672,SP,Sao Paulo,Brazil,10,90.0,10.0,4.9,false
6806dad1da97bfb5a9038eac6881f706,PR,Parana,Brazil,10,90.0,10.0,3.95,false
68f86ba270525243e68ae74044f992b9,RJ,Rio de Janeiro,Brazil,10,90.0,10.0,4.5,false
9d39404483343dd55c7ae254494d8388,SP,Sao Paulo,Brazil,10,90.0,10.0,3.5,false
9dd59e43f0c9f0553244e8f9c2fb247e,PR,Parana,Brazil,10,90.0,10.0,4.8,false
b127efdabeffb5d559349c7b172eb75d,SP,Sao Paulo,Brazil,10,90.0,10.0,4.8,false
b16d3dadc47d4eb18be3d88bad0775ce,RS,Rio Grande do Sul,Brazil,10,90.0,10.0,4.3,false
b2c97074649f92197d9387d9033dda5f,SP,Sao Paulo,Brazil,10,90.0,10.0,4.7,false
bb7a14e229b1c95156719c3d9552eeee,RJ,Rio de Janeiro,Brazil,10,90.0,10.0,4.5,false
c6a7539d424a8402232c2228d7a03c5e,SP,Sao Paulo,Brazil,10,90.0,10.0,3.1,false
cb5df0dcb9e280b1780e9d589889f2c7,SP,Sao Paulo,Brazil,10,90.0,10.0,3.4,false
d7485b33791774c36108f8c69602d48d,PR,Parana,Brazil,10,90.0,10.0,3.7,false
f5f1f2c5f923f36ad79ea1d07185ddc9,SP,Sao Paulo,Brazil,10,90.0,10.0,3.7,false
fdaaf5bfda82b7b80535610c831b8d09,SP,Sao Paulo,Brazil,10,90.0,10.0,4.2,false
fe701d88b67eaca109dffd464d1be9f9,RJ,Rio de Janeiro,Brazil,10,90.0,10.0,4.3,false
de23c3b98a88888289c6f5cc1209054a,SP,Sao Paulo,Brazil,161,90.06211180124224,9.937888198757763,4.291925465838509,true
7c67e1448b00f6e969d365cea6b010ab,SP,Sao Paulo,Brazil,967,90.07238883143744,9.927611168562565,3.4958634953464323,true
a673821011d0cec28146ea42f5ab767f,SP,Sao Paulo,Brazil,121,90.08264462809917,9.917355371900827,4.037190082644628,true
318f287a62ab7ac10b703ac37435a231,SP,Sao Paulo,Brazil,51,90.19607843137256,9.803921568627452,3.9215686274509802,true
fa1c13f2614d7b5c4749cbc52fecda94,SP,Sao Paulo,Brazil,574,90.2439024390244,9.75609756097561,4.372822299651568,true
82e0a475a88cc9595229d8029273f045,SP,Sao Paulo,Brazil,41,90.2439024390244,9.75609756097561,3.6341463414634148,true
620c87c171fb2a6dd6e8bb4dec959fc6,RJ,Rio de Janeiro,Brazil,718,90.25069637883009,9.749303621169917,4.302228412256268,true
7040e82f899a04d1b434b795a43b4617,SP,Sao Paulo,Brazil,206,90.29126213592232,9.70873786407767,3.650485436893204,true
aac29b1b99776be73c3049939652091d,MG,Minas Gerais,Brazil,93,90.3225806451613,9.67741935483871,4.172043010752688,true
20cb7c2fde3e5bf10f0bbe7394e1c6a9,PR,Parana,Brazil,31,90.3225806451613,9.67741935483871,4.096774193548387,true
2745f798279e0ed033addcc1474776d7,SP,Sao Paulo,Brazil,31,90.3225806451613,9.67741935483871,3.967741935483871,true
276677b5d08786d5dce7c2149dcce48b,MG,Minas Gerais,Brazil,31,90.3225806451613,9.67741935483871,4.032258064516129,true
5c6d4016c2a288f074fa0848a2b653d2,SP,Sao Paulo,Brazil,31,90.3225806451613,9.67741935483871,4.161290322580645,true
78c99c6dff4eeae5be99bf635ed21e3f,SP,Sao Paulo,Brazil,31,90.3225806451613,9.67741935483871,4.419354838709677,true
7b0df942f46435babab05d49b744b2c4,SP,Sao Paulo,Brazil,31,90.3225806451613,9.67741935483871,4.387096774193548,true
cd6efc47efaabf134f8bdb654e10b4f1,RJ,Rio de Janeiro,Brazil,31,90.3225806451613,9.67741935483871,4.483870967741935,true
54a1852d1b8f10312c55e906355666ee,SP,Sao Paulo,Brazil,197,90.35532994923858,9.644670050761421,4.355329949238579,true
6a8b085f816a1f75f92dbac6eb545f8f,SP,Sao Paulo,Brazil,125,90.4,9.6,4.172,true
056b4ada5bbc2c50cc7842547dda6b51,RJ,Rio de Janeiro,Brazil,63,90.47619047619048,9.523809523809524,4.2063492063492065,true
8e8a7ce9f2f970dc00e2acf6f6e199f6,RJ,Rio de Janeiro,Brazil,63,90.47619047619048,9.523809523809524,4.0,true
1c40343cc5d18c2d8248ac2f3366de34,SP,Sao Paulo,Brazil,21,90.47619047619048,9.523809523809524,4.619047619047619,false
3d5d0dc7073a299e31fa718ce1bc00b6,RJ,Rio de Janeiro,Brazil,21,90.47619047619048,9.523809523809524,4.428571428571429,false
6b15924333bd1a741595fe981ea04822,SP,Sao Paulo,Brazil,21,90.47619047619048,9.523809523809524,4.666666666666667,false
a5a1bfcf728ab0e19182959cf0771ee4,SP,Sao Paulo,Brazil,21,90.47619047619048,9.523809523809524,4.333333333333333,false
af4a0e4cfe1d9c26b6712b1be25a72e5,MG,Minas Gerais,Brazil,21,90.47619047619048,9.523809523809524,3.4285714285714284,false
bc47d5d1490df2b36add65d733eafaba,SP,Sao Paulo,Brazil,21,90.47619047619048,9.523809523809524,3.5238095238095237,false
f4db9b37944bcb8873e6b456ee190bbf,SP,Sao Paulo,Brazil,21,90.47619047619048,9.523809523809524,4.571428571428571,false
218d46b86c1881d022bce9c68a7d4b15,SP,Sao Paulo,Brazil,380,90.52631578947368,9.473684210526315,4.185526315789474,true
1336efc61c316ddf92c899eb817f7cae,SP,Sao Paulo,Brazil,74,90.54054054054055,9.45945945945946,4.0,true
76d5af76d0271110f9af36c92573f765,SP,Sao Paulo,Brazil,127,90.55118110236221,9.448818897637794,4.133858267716535,true
4a3ccda38b2129705f3fb522db62ca31,SP,Sao Paulo,Brazil,64,90.625,9.375,3.9296875,true
3340ef1913fb70d28420f6ceb685c339,PR,Parana,Brazil,32,90.625,9.375,4.375,true
d5ba419e26d246a0719437cf37d9b46d,SP,Sao Paulo,Brazil,32,90.625,9.375,4.0,true
02f623a8eb246f3c5f7c2f96462654e6,SP,Sao Paulo,Brazil,43,90.69767441860465,9.30232558139535,4.558139534883721,true
c826c40d7b19f62a09e2d7c5e7295ee2,SP,Sao Paulo,Brazil,345,90.72463768115942,9.27536231884058,4.130434782608695,true
e067ad2c1c0b48758eb1b5228bcf7a68,SP,Sao Paulo,Brazil,54,90.74074074074075,9.25925925925926,4.148148148148148,true
a420f60ff1aa9acc80d0e42959f2b313,SP,Sao Paulo,Brazil,65,90.76923076923077,9.23076923076923,3.953846153846154,true
d05ae8f7a5bd1d2a690a44cd079e4e27,RJ,Rio de Janeiro,Brazil,76,90.78947368421052,9.210526315789474,3.8947368421052633,true
70c27847eca8195c983ed7e798c56743,RJ,Rio de Janeiro,Brazil,77,90.9090909090909,9.090909090909092,4.233766233766234,true
432c37c9dfba871172ec162e20118b8c,DF,Distrito Federal,Brazil,44,90.9090909090909,9.090909090909092,4.25,true
1caf283236cd69af44cbc09a0a1e7d32,RJ,Rio de Janeiro,Brazil,33,90.9090909090909,9.090909090909092,4.606060606060606,true
5b179e9e8cc7ab6fd113a46ca584da81,SP,Sao Paulo,Brazil,33,90.9090909090909,9.090909090909092,3.6666666666666665,true
6a0cbc8af2e8abd1bdfb777943d174c6,SP,Sao Paulo,Brazil,33,90.9090909090909,9.090909090909092,4.03030303030303,true
503c1de08ae81a2d86f17951b204db55,SP,Sao Paulo,Brazil,22,90.9090909090909,9.090909090909092,4.409090909090909,false
55f7a3319d80f7fdf078b8f03e6725fe,SP,Sao Paulo,Brazil,22,90.9090909090909,9.090909090909092,3.772727272727273,false
681fce914360217db47784ae28905a96,PR,Parana,Brazil,22,90.9090909090909,9.090909090909092,4.0,false
7f2617c58d5d06806987308b45654351,SP,Sao Paulo,Brazil,22,90.9090909090909,9.090909090909092,3.8181818181818183,false
f615fe7efbef0f4f08fd3086bc7a3e60,SP,Sao Paulo,Brazil,22,90.9090909090909,9.090909090909092,4.5,false
fb89df7f89fd1b8f03fa2acca1ba7364,PR,Parana,Brazil,22,90.9090909090909,9.090909090909092,3.8636363636363638,false
058cb5aeb36d7c0fcae20fc85d5e0a59,RJ,Rio de Janeiro,Brazil,11,90.9090909090909,9.090909090909092,3.8181818181818183,false
165b1235e9e9942cb5fae67103576fb0,SP,Sao Paulo,Brazil,11,90.9090909090909,9.090909090909092,4.363636363636363,false
17908cf9b444ee34047cadd5c0f4a516,GO,Goias,Brazil,11,90.9090909090909,9.090909090909092,4.545454545454546,false
1cbd32d00d01bb8087a5eb088612fd9c,SP,Sao Paulo,Brazil,11,90.9090909090909,9.090909090909092,4.181818181818182,false
236585a4ddb5fea9fa40233e2249ed91,RS,Rio Grande do Sul,Brazil,11,90.9090909090909,9.090909090909092,4.090909090909091,false
31ae0774c17fabd06ff707cc5bde005f,SP,Sao Paulo,Brazil,11,90.9090909090909,9.090909090909092,4.0,false
40db9e9aa57f7bb151bcda6b0f9bdbb7,PE,Pernambuco,Brazil,11,90.9090909090909,9.090909090909092,2.3636363636363638,false
4677a5437afda5fa7140b927b07be1cc,PR,Parana,Brazil,11,90.9090909090909,9.090909090909092,4.363636363636363,false
4ba52dfeba874da5b9ee7b17c7494f04,SP,Sao Paulo,Brazil,11,90.9090909090909,9.090909090909092,4.363636363636363,false
5011f0d93373a4c5753adf58ca77af8d,SP,Sao Paulo,Brazil,11,90.9090909090909,9.090909090909092,4.090909090909091,false
66fd84ee7528c0c0de85d0f44a73d5ab,RS,Rio Grande do Sul,Brazil,11,90.9090909090909,9.090909090909092,3.3636363636363638,false
6ddc28b61be28373b4503a1f61cf98a9,SP,Sao Paulo,Brazil,11,90.9090909090909,9.090909090909092,4.181818181818182,false
723cd880edaacdb998898b67c8f9da30,SP,Sao Paulo,Brazil,11,90.9090909090909,9.090909090909092,4.090909090909091,false
7b7f91e98f8c6def45a1407923304402,SP,Sao Paulo,Brazil,11,90.9090909090909,9.090909090909092,4.181818181818182,false
87b740daf17b5d1be335a64164ec6842,SP,Sao Paulo,Brazil,11,90.9090909090909,9.090909090909092,3.727272727272727,false
89f69225956f951295ca4c7fb1266553,RJ,Rio de Janeiro,Brazil,11,90.9090909090909,9.090909090909092,4.2727272727272725,false
8ca1551acf9832a4cf467bbbac15851f,PR,Parana,Brazil,11,90.9090909090909,9.090909090909092,3.909090909090909,false
8e2b3afb420011ef0c88c9d5f11ea526,SP,Sao Paulo,Brazil,11,90.9090909090909,9.090909090909092,4.2727272727272725,false
9df5750209b83567ec144eb299d7d634,RS,Rio Grande do Sul,Brazil,11,90.9090909090909,9.090909090909092,4.0,false
bc302730ea8cf49b5c74f579febb5bbf,SP,Sao Paulo,Brazil,11,90.9090909090909,9.090909090909092,3.8181818181818183,false
c4fabeea6e569d42d02993bb1f4f1cbc,CE,Ceara,Brazil,11,90.9090909090909,9.090909090909092,4.0,false
c5f7feb04a6a1fb3596322bfc3cf1917,SP,Sao Paulo,Brazil,11,90.9090909090909,9.090909090909092,4.2727272727272725,false
cb6c9f5888a7a090c75beaf615925792,ES,Espirito Santo,Brazil,11,90.9090909090909,9.090909090909092,3.8181818181818183,false
d4910f1cdcfdabd48d6b316e395d4a23,SP,Sao Paulo,Brazil,11,90.9090909090909,9.090909090909092,4.909090909090909,false
ec80e49e69745ab6c14f984bf2149423,SP,Sao Paulo,Brazil,11,90.9090909090909,9.090909090909092,4.0,false
f262cbc1c910c83959f849465454ddd3,SP,Sao Paulo,Brazil,188,90.95744680851064,9.042553191489361,4.180851063829787,true
1d8dbc4f32378d715c717c1c1fc57bae,PR,Parana,Brazil,89,91.01123595505618,8.98876404494382,4.056179775280899,true
527801b552d0077ffd170872eb49683b,SP,Sao Paulo,Brazil,89,91.01123595505618,8.98876404494382,4.47191011235955,true
827f8f69dfa529c561901c4f2e0f332f,PR,Parana,Brazil,89,91.01123595505618,8.98876404494382,4.286516853932584,true
ce7d1888639e6fb06b2749cbfdac1ff7,MG,Minas Gerais,Brazil,78,91.02564102564102,8.974358974358974,4.166666666666667,true
d1c281d3ae149232351cd8c8cc885f0d,SP,Sao Paulo,Brazil,212,91.0377358490566,8.962264150943396,3.806603773584906,true
00ee68308b45bc5e2660cd833c3f81cc,SP,Sao Paulo,Brazil,134,91.04477611940298,8.955223880597014,4.298507462686567,true
f7ccf836d21b2fb1de37564105216cc1,SP,Sao Paulo,Brazil,67,91.04477611940298,8.955223880597014,3.8507462686567164,true
17f51e7198701186712e53a39c564617,SP,Sao Paulo,Brazil,56,91.07142857142857,8.928571428571429,4.339285714285714,true
cbd996ad3c1b7dc71fd0e5f5df9087e2,SP,Sao Paulo,Brazil,157,91.0828025477707,8.9171974522293,4.210191082802548,true
26d8a1c7c75d513045798992ead43aa2,PR,Parana,Brazil,34,91.17647058823529,8.823529411764707,4.411764705882353,true
3ab971ce71839580d2ae5b4e40fe8044,SP,Sao Paulo,Brazil,34,91.17647058823529,8.823529411764707,3.911764705882353,true
3be634553519fb6536a03e1358e9fdc7,SP,Sao Paulo,Brazil,80,91.25,8.75,4.025,true
688756f717c462a206ad854c5027a64a,SP,Sao Paulo,Brazil,80,91.25,8.75,3.8875,true
b2ba3715d723d245138f291a6fe42594,SP,Sao Paulo,Brazil,321,91.27725856697819,8.722741433021806,4.202492211838006,true
0afccdb8a34ee5c79f7c06faf2b4d56e,MG,Minas Gerais,Brazil,23,91.30434782608695,8.695652173913043,4.086956521739131,false
157c3e4b42f81ac4a44e8b1ca2fe9876,SP,Sao Paulo,Brazil,23,91.30434782608695,8.695652173913043,3.6956521739130435,false
244c2f1bff6afe1f2eaf9bfe9b2aed38,SP,Sao Paulo,Brazil,23,91.30434782608695,8.695652173913043,3.782608695652174,false
8cc6a0e5738e61a87b03c78b2ba9db4b,MG,Minas Gerais,Brazil,23,91.30434782608695,8.695652173913043,4.478260869565218,false
fe2032dab1a61af8794248c8196565c9,SP,Sao Paulo,Brazil,289,91.34948096885813,8.650519031141869,4.387543252595155,true
213b25e6f54661939f11710a6fddb871,SP,Sao Paulo,Brazil,151,91.3907284768212,8.609271523178808,3.814569536423841,true
5d0363b33554b373851fc1622e4d5f3c,SP,Sao Paulo,Brazil,93,91.39784946236558,8.602150537634408,4.075268817204301,true
ef0ace09169ac090589d85746e3e036f,RJ,Rio de Janeiro,Brazil,128,91.40625,8.59375,4.3984375,true
17e34d8224d27a541263c4c64b11a56b,SP,Sao Paulo,Brazil,245,91.42857142857143,8.571428571428571,4.253061224489796,true
6b3bd31ad8fcda4b2635ec9f3ff2ecdf,RJ,Rio de Janeiro,Brazil,35,91.42857142857143,8.571428571428571,4.085714285714285,true
bf84056e679dbe9c69929847a40e338f,SP,Sao Paulo,Brazil,35,91.42857142857143,8.571428571428571,3.7714285714285714,true
e8f6dc8e6a1dcde89d20e3995c8d90b3,SP,Sao Paulo,Brazil,35,91.42857142857143,8.571428571428571,4.0,true
c70c1b0d8ca86052f45a432a38b73958,SP,Sao Paulo,Brazil,258,91.47286821705427,8.527131782945736,4.368217054263566,true
994f04b3718c2bab35c2adfa8afecd2a,SP,Sao Paulo,Brazil,47,91.48936170212765,8.51063829787234,4.297872340425532,true
004c9cd9d87a3c30c522c48c4fc07416,SP,Sao Paulo,Brazil,154,91.55844155844156,8.441558441558442,4.162337662337662,true
e5a38146df062edaf55c38afa99e42dc,SP,Sao Paulo,Brazil,119,91.59663865546219,8.403361344537815,3.9831932773109244,true
7ddcbb64b5bc1ef36ca8c151f6ec77df,SP,Sao Paulo,Brazil,322,91.61490683229813,8.385093167701863,4.029503105590062,true
951e8cef368f09bb3f3d03c00ca4702c,SP,Sao Paulo,Brazil,60,91.66666666666667,8.333333333333334,4.133333333333334,true
56642bcb79900e777d68e91915cb4267,SP,Sao Paulo,Brazil,48,91.66666666666667,8.333333333333334,4.0625,true
729b2d09b2a0bdab221076327f13d050,SP,Sao Paulo,Brazil,48,91.66666666666667,8.333333333333334,4.5625,true
32b8764b4ef628b53608fc34011fcc13,SC,Santa Catarina,Brazil,36,91.66666666666667,8.333333333333334,4.194444444444445,true
99002261c568a84cce14d43fcffb43ea,MT,Mato Grosso,Brazil,36,91.66666666666667,8.333333333333334,3.7222222222222223,true
2e13c71026e1a39ba5cc1b86dcb679aa,SP,Sao Paulo,Brazil,24,91.66666666666667,8.333333333333334,4.375,false
6a51fc556dab5f766ced6fbc860bc613,SP,Sao Paulo,Brazil,24,91.66666666666667,8.333333333333334,4.0,false
b83cedfb587e7911540e3f576d6917ce,SP,Sao Paulo,Brazil,24,91.66666666666667,8.333333333333334,4.208333333333333,false
c8417879a15366a17c30af34c798c332,SP,Sao Paulo,Brazil,24,91.66666666666667,8.333333333333334,4.291666666666667,false
0747d5bb69f0586cc869d8af4c50f93e,RJ,Rio de Janeiro,Brazil,12,91.66666666666667,8.333333333333334,3.75,false
0887a9f087bcd5d9f6642b52f897fc6c,SP,Sao Paulo,Brazil,12,91.66666666666667,8.333333333333334,4.416666666666667,false
0a85ebe4e328db81ac9109781205e2f7,SP,Sao Paulo,Brazil,12,91.66666666666667,8.333333333333334,4.583333333333333,false
1660ad786c27fd935378b6192a90b417,SP,Sao Paulo,Brazil,12,91.66666666666667,8.333333333333334,4.583333333333333,false
1d29dfba02015238dfbe2449a5eaa361,MG,Minas Gerais,Brazil,12,91.66666666666667,8.333333333333334,4.5,false
1d503743d2526f03f0c2c89540ee008c,SP,Sao Paulo,Brazil,12,91.66666666666667,8.333333333333334,3.9166666666666665,false
4324dd16853115efb0fd9d0d131ba6f4,SP,Sao Paulo,Brazil,12,91.66666666666667,8.333333333333334,4.083333333333333,false
5d9dc90a686a8fddacffab6bab5653a3,SP,Sao Paulo,Brazil,12,91.66666666666667,8.333333333333334,4.166666666666667,false
6b333a05bf188ef3e1f1662a86bd9855,DF,Distrito Federal,Brazil,12,91.66666666666667,8.333333333333334,4.333333333333333,false
7357b52d27cbaa90f81a96cbc1279396,MG,Minas Gerais,Brazil,12,91.66666666666667,8.333333333333334,4.333333333333333,false
8476243f92442881ddd5b578975cf115,RS,Rio Grande do Sul,Brazil,12,91.66666666666667,8.333333333333334,4.083333333333333,false
97512d3fc193b2d1dfcdba0f9d1f0f8a,SP,Sao Paulo,Brazil,12,91.66666666666667,8.333333333333334,4.25,false
985c92cc412091f8529c12d7f23d3fef,MG,Minas Gerais,Brazil,12,91.66666666666667,8.333333333333334,4.75,false
bd1d49a326abfa9b1036772e40445430,SP,Sao Paulo,Brazil,12,91.66666666666667,8.333333333333334,4.083333333333333,false
c3acdfac4e3e97ff87529454fbc03642,SP,Sao Paulo,Brazil,12,91.66666666666667,8.333333333333334,4.25,false
caa9bc43a9fe8cf9c564ddd8a03cc4a6,SP,Sao Paulo,Brazil,12,91.66666666666667,8.333333333333334,4.666666666666667,false
cd3d09fbe6e3e9ff0c0ac0c300e93ae7,SP,Sao Paulo,Brazil,12,91.66666666666667,8.333333333333334,4.166666666666667,false
d93844a9c55ba7ce353388bcf849ea56,PR,Parana,Brazil,12,91.66666666666667,8.333333333333334,4.25,false
f52c2422904463fdd7741f99045fecb6,SP,Sao Paulo,Brazil,12,91.66666666666667,8.333333333333334,4.25,false
7142540dd4c91e2237acb7e911c4eba2,SP,Sao Paulo,Brazil,314,91.71974522292993,8.280254777070065,4.054140127388535,true
ef506c96320abeedfb894c34db06f478,SP,Sao Paulo,Brazil,314,91.71974522292993,8.280254777070065,3.961783439490446,true
6860153b69cc696d5dcfe1cdaaafcf62,SP,Sao Paulo,Brazil,73,91.78082191780823,8.219178082191782,4.095890410958904,true
a17f621c590ea0fab3d5d883e1630ec6,SP,Sao Paulo,Brazil,61,91.80327868852459,8.19672131147541,4.163934426229508,true
aced59e9b31ef866a94f9e7f29d8d418,SP,Sao Paulo,Brazil,61,91.80327868852459,8.19672131147541,4.426229508196721,true
92eb0f42c21942b6552362b9b114707d,SP,Sao Paulo,Brazil,332,91.86746987951807,8.132530120481928,4.021084337349397,true
715bbd5ba4e6b74cb0d2f29eb45058b0,SP,Sao Paulo,Brazil,62,91.93548387096774,8.064516129032258,4.467741935483871,true
bd0389da23d89b726abf911cccc54596,DF,Distrito Federal,Brazil,87,91.95402298850574,8.045977011494253,4.172413793103448,true
f7496d659ca9fdaf323c0aae84176632,SP,Sao Paulo,Brazil,25,92.0,8.0,4.56,false
98dac6635aee4995d501a3972e047414,SP,Sao Paulo,Brazil,88,92.04545454545455,7.954545454545454,4.1477272727272725,true
4c18691b6037662be2df78a765d98ab5,SP,Sao Paulo,Brazil,63,92.06349206349206,7.936507936507937,3.873015873015873,true
3c7c4a49ec3c6550809089c6a2ca9370,SP,Sao Paulo,Brazil,139,92.0863309352518,7.913669064748201,3.6906474820143886,true
daeb5653dd96c1b11860f72209795012,MG,Minas Gerais,Brazil,38,92.10526315789474,7.894736842105263,4.25,true
edb1ef5e36e0c8cd84eb3c9b003e486d,RJ,Rio de Janeiro,Brazil,165,92.12121212121212,7.878787878787879,4.442424242424242,true
42b729f859728f5079499127a9c2ef37,SP,Sao Paulo,Brazil,102,92.15686274509804,7.8431372549019605,4.480392156862745,true
e24fc9fcd865784fb25705606fe3dfe7,SP,Sao Paulo,Brazil,51,92.15686274509804,7.8431372549019605,4.1568627450980395,true
f214d28e8d8e3ef068748498ccc2f813,SP,Sao Paulo,Brazil,51,92.15686274509804,7.8431372549019605,4.2745098039215685,true
4b9750c8ad28220fe6702d4ecb7c898f,SP,Sao Paulo,Brazil,217,92.16589861751152,7.8341013824884795,4.364055299539171,true
1bb2bdb95f4841f1bba2c0d2cd83d3c9,SP,Sao Paulo,Brazil,78,92.3076923076923,7.6923076923076925,4.628205128205129,true
2a7dc43cecabf23403078e2188437d1d,SP,Sao Paulo,Brazil,52,92.3076923076923,7.6923076923076925,4.096153846153846,true
624f4ece8da4aafb77699233d480f8ef,SP,Sao Paulo,Brazil,52,92.3076923076923,7.6923076923076925,4.25,true
4559697a8f7e637227c2eeaed843baff,SP,Sao Paulo,Brazil,39,92.3076923076923,7.6923076923076925,4.205128205128205,true
55a5b51f93f2b70ea513f5a047b0262a,MG,Minas Gerais,Brazil,39,92.3076923076923,7.6923076923076925,4.461538461538462,true
6a8a889bde935bafa76d7848782dfaf9,SP,Sao Paulo,Brazil,26,92.3076923076923,7.6923076923076925,4.038461538461538,false
8090490573c6c0aa343a7231ebcb8c86,SP,Sao Paulo,Brazil,26,92.3076923076923,7.6923076923076925,4.1923076923076925,false
b8555308bfdb4ca1ed54325a58da9a97,SP,Sao Paulo,Brazil,26,92.3076923076923,7.6923076923076925,4.0,false
ccf8813e5a7d6c84d865cd38bfc2b130,SP,Sao Paulo,Brazil,26,92.3076923076923,7.6923076923076925,4.384615384615385,false
df560393f3a51e74553ab94004ba5c87,PR,Parana,Brazil,26,92.3076923076923,7.6923076923076925,3.8846153846153846,false
f61c63d13f7cd800549d5acdd390ae72,SP,Sao Paulo,Brazil,26,92.3076923076923,7.6923076923076925,4.0,false
0ac4201fda2c68ebc0e47cb9423cf3c9,SP,Sao Paulo,Brazil,13,92.3076923076923,7.6923076923076925,4.230769230769231,false
128f9bfbe4c7d5185033914b1de3d39a,SP,Sao Paulo,Brazil,13,92.3076923076923,7.6923076923076925,4.769230769230769,false
373ee4a3a775a733770ca3f790b8b9ac,RJ,Rio de Janeiro,Brazil,13,92.3076923076923,7.6923076923076925,3.923076923076923,false
5882820ef11c4c068eea0677a7a879b4,RS,Rio Grande do Sul,Brazil,13,92.3076923076923,7.6923076923076925,4.153846153846154,false
6e864f5c4669eff3d98140a07cc50202,SP,Sao Paulo,Brazil,13,92.3076923076923,7.6923076923076925,4.461538461538462,false
8629c241b3622ac12cd4118afdc8d394,SP,Sao Paulo,Brazil,13,92.3076923076923,7.6923076923076925,4.076923076923077,false
8f78f0903005064036736c7173a5c2ed,MG,Minas Gerais,Brazil,13,92.3076923076923,7.6923076923076925,3.769230769230769,false
9d7a1d34a5052409006425275ba1c2b4,SP,Sao Paulo,Brazil,13,92.3076923076923,7.6923076923076925,4.384615384615385,false
a8739afb32aaa45e01815ca76f76f54b,SP,Sao Paulo,Brazil,13,92.3076923076923,7.6923076923076925,3.769230769230769,false
c89cf7c468a48af70aada384e722f9e2,RJ,Rio de Janeiro,Brazil,13,92.3076923076923,7.6923076923076925,4.0,false
d101c6da914ae3d53f7bee42283f2fe2,SP,Sao Paulo,Brazil,13,92.3076923076923,7.6923076923076925,3.6153846153846154,false
955fee9216a65b617aa5c0531780ce60,SP,Sao Paulo,Brazil,1253,92.33838786911413,7.661612130885874,4.201117318435754,true
ccc4bbb5f32a6ab2b7066a4130f114e3,PR,Parana,Brazil,183,92.34972677595628,7.6502732240437155,4.3224043715847,true
70eea00b476a314817cefde4aad4f89a,SP,Sao Paulo,Brazil,105,92.38095238095238,7.619047619047619,4.40952380952381,true
f45122a9ab94eb4f3f8953578bc0c560,SP,Sao Paulo,Brazil,184,92.3913043478261,7.608695652173913,3.972826086956522,true
5656537e588803a555b8eb41f07a944b,DF,Distrito Federal,Brazil,171,92.39766081871345,7.60233918128655,3.8947368421052633,true
6f892e20a171e98efe17fdb971ff319b,SP,Sao Paulo,Brazil,40,92.5,7.5,4.15,true
c847e075301870dd144a116762eaff9a,MG,Minas Gerais,Brazil,40,92.5,7.5,4.2,true
48436dade18ac8b2bce089ec2a041202,SP,Sao Paulo,Brazil,134,92.53731343283582,7.462686567164179,4.104477611940299,true
17306570e772e7718c92a562d33f5f1d,SP,Sao Paulo,Brazil,27,92.5925925925926,7.407407407407407,3.7777777777777777,false
271c58a1d139c45eaf3316107c6d3a3b,SP,Sao Paulo,Brazil,27,92.5925925925926,7.407407407407407,4.185185185185185,false
575df70bde3f9f2b30bf8d2e9910d725,SP,Sao Paulo,Brazil,27,92.5925925925926,7.407407407407407,4.074074074074074,false
17a053fcb14bd219540cbde0df490be0,SP,Sao Paulo,Brazil,122,92.62295081967213,7.377049180327869,4.254098360655738,true
da8622b14eb17ae2831f4ac5b9dab84a,SP,Sao Paulo,Brazil,1305,92.64367816091954,7.35632183908046,4.178544061302682,true
43f8c9950d11ecd03a0304a49e010da6,SP,Sao Paulo,Brazil,41,92.6829268292683,7.317073170731708,4.560975609756097,true
7a241947449cc45dbfda4f9d0798d9d0,MG,Minas Gerais,Brazil,55,92.72727272727273,7.2727272727272725,4.1454545454545455,true
d50d79cb34e38265a8649c383dcffd48,SP,Sao Paulo,Brazil,69,92.7536231884058,7.246376811594203,4.246376811594203,true
e9779976487b77c6d4ac45f75ec7afe9,SP,Sao Paulo,Brazil,642,92.83489096573209,7.165109034267913,4.2601246105919,true
8e6cc767478edae941d9bd9eb778d77a,MG,Minas Gerais,Brazil,98,92.85714285714286,7.142857142857143,4.071428571428571,true
45d33f715e24d15a6ccf5c17b3a23e3c,SP,Sao Paulo,Brazil,56,92.85714285714286,7.142857142857143,4.142857142857143,true
4992e76a42cb3aad7a7047e0d3d7e729,SP,Sao Paulo,Brazil,56,92.85714285714286,7.142857142857143,3.9642857142857144,true
8a130737016f838139d31878787a39c9,SP,Sao Paulo,Brazil,56,92.85714285714286,7.142857142857143,4.446428571428571,true
5f3ae9136c875522250f8184f253413a,SP,Sao Paulo,Brazil,42,92.85714285714286,7.142857142857143,4.642857142857143,true
c013e57c075a06e5b5c48ee03c525719,SP,Sao Paulo,Brazil,42,92.85714285714286,7.142857142857143,4.238095238095238,true
8931a84a914b3fe9b1ddaa4d704947ca,SP,Sao Paulo,Brazil,28,92.85714285714286,7.142857142857143,4.071428571428571,false
e7d5b006eb624f13074497221eb37807,SP,Sao Paulo,Brazil,28,92.85714285714286,7.142857142857143,3.9285714285714284,false
1987cd4be10fe09ee50454f9c354d1c6,MG,Minas Gerais,Brazil,14,92.85714285714286,7.142857142857143,4.357142857142857,false
2e3be8a987a30d7544dbbda6861cc14e,MG,Minas Gerais,Brazil,14,92.85714285714286,7.142857142857143,3.7857142857142856,false
4a1f694197d05fe70026b016a7316b41,SP,Sao Paulo,Brazil,14,92.85714285714286,7.142857142857143,4.571428571428571,false
4de6e4ba574aa9dfdc824bc44dc47fdd,PR,Parana,Brazil,14,92.85714285714286,7.142857142857143,4.071428571428571,false
5a05a16bb50629ee31afab8a6d4c2674,RS,Rio Grande do Sul,Brazil,14,92.85714285714286,7.142857142857143,4.214285714285714,false
7c1fea10b5b006671d608b1d7c446ec4,SP,Sao Paulo,Brazil,14,92.85714285714286,7.142857142857143,4.0,false
87d3c3aeb3ead335511b3ce315eb341e,SP,Sao Paulo,Brazil,14,92.85714285714286,7.142857142857143,3.5,false
980640c45d7a4635885491d077167e4d,SP,Sao Paulo,Brazil,14,92.85714285714286,7.142857142857143,4.642857142857143,false
9bcdfa7b615b3abb9461d9e3ad9886ae,SC,Santa Catarina,Brazil,14,92.85714285714286,7.142857142857143,4.428571428571429,false
b6e1504972665f739dec4facb9943775,SP,Sao Paulo,Brazil,14,92.85714285714286,7.142857142857143,4.357142857142857,false
b9ca8e8baa5d4aa038394a700f63e69f,SP,Sao Paulo,Brazil,14,92.85714285714286,7.142857142857143,4.214285714285714,false
c273175f7c6c80fb02f051e2fc6d0d72,SP,Sao Paulo,Brazil,14,92.85714285714286,7.142857142857143,3.7857142857142856,false
ce616e1913288884e7742faac9d981db,SP,Sao Paulo,Brazil,14,92.85714285714286,7.142857142857143,4.428571428571429,false
d2e753bb80b7d4faa77483ed00edc8ca,BA,Bahia,Brazil,14,92.85714285714286,7.142857142857143,3.6785714285714284,false
e48cc16ab70bfa09e1401740dce0b3d7,SP,Sao Paulo,Brazil,14,92.85714285714286,7.142857142857143,3.5714285714285716,false
d650b663c3b5f6fb392b6326366efa9a,SP,Sao Paulo,Brazil,57,92.98245614035088,7.017543859649122,4.368421052631579,true
4371b634e0efc0e22b09b52907d9d469,SP,Sao Paulo,Brazil,100,93.0,7.0,4.48,true
0509040ea3fe50071181bbc359eb7738,MG,Minas Gerais,Brazil,86,93.02325581395348,6.976744186046512,4.476744186046512,true
640e21a7d01df7614a3b4923e990d40c,SP,Sao Paulo,Brazil,115,93.04347826086956,6.956521739130435,4.3304347826086955,true
6d803cb79cc31c41c4c789a75933b3c7,SP,Sao Paulo,Brazil,58,93.10344827586206,6.896551724137931,4.25,true
2a6fbeaa7ab9e5d59a35841a8da71ce4,SC,Santa Catarina,Brazil,29,93.10344827586206,6.896551724137931,3.9310344827586206,false
3361277dc30b7cccdb0c286b24219756,PR,Parana,Brazil,29,93.10344827586206,6.896551724137931,4.344827586206897,false
8b2492b7ff4468839593fafeed55bad9,RJ,Rio de Janeiro,Brazil,29,93.10344827586206,6.896551724137931,4.172413793103448,false
d4e12e7884759a14fa0f5f896c791cae,SP,Sao Paulo,Brazil,29,93.10344827586206,6.896551724137931,4.620689655172414,false
e06f09ec0a4aca210779cf1cfc63cf19,SP,Sao Paulo,Brazil,29,93.10344827586206,6.896551724137931,3.9482758620689653,false
2e1c9f22be269ef4643f826c9e650a52,SP,Sao Paulo,Brazil,160,93.125,6.875,4.24375,true
4830e40640734fc1c52cd21127c341d4,SP,Sao Paulo,Brazil,204,93.13725490196079,6.862745098039215,4.2254901960784315,true
701938c450705b8ae65fc923b70f35c7,SP,Sao Paulo,Brazil,73,93.15068493150685,6.8493150684931505,4.0,true
08633c14ef2db992c11f840f04fad4cd,SP,Sao Paulo,Brazil,74,93.24324324324324,6.756756756756757,4.364864864864865,true
66922902710d126a0e7d26b0e3805106,MG,Minas Gerais,Brazil,149,93.28859060402685,6.7114093959731544,4.496644295302014,true
dc4a0fc896dc34b0d5bfec8438291c80,SP,Sao Paulo,Brazil,225,93.33333333333333,6.666666666666667,3.8177777777777777,true
c003204e1ab016dfa150abc119207b24,SP,Sao Paulo,Brazil,195,93.33333333333333,6.666666666666667,4.466666666666667,true
d6b1ce66b035a475f00c017792ff9769,SP,Sao Paulo,Brazil,90,93.33333333333333,6.666666666666667,4.277777777777778,true
058fd0aa2bfdb2274e05e1ae971dabb6,SP,Sao Paulo,Brazil,60,93.33333333333333,6.666666666666667,4.383333333333334,true
04aba03279157f6d4e0fe8ccaf21963c,RJ,Rio de Janeiro,Brazil,15,93.33333333333333,6.666666666666667,4.533333333333333,false
1b8b75e227c9a9c100d0c210fb6176ce,SP,Sao Paulo,Brazil,15,93.33333333333333,6.666666666666667,3.933333333333333,false
343e716476e3748b069f980efbaa294e,SP,Sao Paulo,Brazil,15,93.33333333333333,6.666666666666667,4.266666666666667,false
3a734b715d333a2588a3d54a0c9b8746,SP,Sao Paulo,Brazil,15,93.33333333333333,6.666666666666667,4.533333333333333,false
7238a95bb63ef7e498389fb863b834a1,SP,Sao Paulo,Brazil,15,93.33333333333333,6.666666666666667,4.733333333333333,false
76ea5315acb3f5f7ade3cd261faf922a,SP,Sao Paulo,Brazil,15,93.33333333333333,6.666666666666667,4.266666666666667,false
8f54d64f28a993550aa7943f12572959,MG,Minas Gerais,Brazil,15,93.33333333333333,6.666666666666667,3.7333333333333334,false
ed8cb7b190ceb6067227478e48cf8dde,SP,Sao Paulo,Brazil,15,93.33333333333333,6.666666666666667,3.4,false
f3c38ab652836d21de61fb8314b69182,SP,Sao Paulo,Brazil,15,93.33333333333333,6.666666666666667,4.266666666666667,false
0adac9fbd9a2b63cccaac4f8756c1ca8,SP,Sao Paulo,Brazil,106,93.39622641509433,6.60377358490566,4.09433962264151,true
1554a68530182680ad5c8b042c3ab563,MG,Minas Gerais,Brazil,244,93.44262295081967,6.557377049180328,4.331967213114754,true
850f4f8af5ea87287ac68de36e29107f,SP,Sao Paulo,Brazil,183,93.44262295081967,6.557377049180328,4.295081967213115,true
116ccb1a1604bc88e4d234a8c23f33de,SP,Sao Paulo,Brazil,61,93.44262295081967,6.557377049180328,4.639344262295082,true
4e17c65a516f69d023a2ae78b84f28d6,SP,Sao Paulo,Brazil,61,93.44262295081967,6.557377049180328,4.229508196721311,true
5f1dc28029d2c244352a68107ec2b542,SP,Sao Paulo,Brazil,61,93.44262295081967,6.557377049180328,4.426229508196721,true
b6d44737c043328708f6749c2dbe50bd,SP,Sao Paulo,Brazil,61,93.44262295081967,6.557377049180328,4.524590163934426,true
8444e55c1f13cd5c179851e5ca5ebd00,MG,Minas Gerais,Brazil,92,93.47826086956522,6.521739130434782,3.369565217391304,true
9b00ed88b7fdb95d6ff76e27c1b52d16,SP,Sao Paulo,Brazil,46,93.47826086956522,6.521739130434782,4.543478260869565,true
fdb9095204a334cd8872252ffec6f2db,SP,Sao Paulo,Brazil,46,93.47826086956522,6.521739130434782,4.184782608695652,true
59fb871bf6f4522a87ba567b42dafecf,SP,Sao Paulo,Brazil,123,93.4959349593496,6.504065040650406,4.276422764227642,true
18a349e75d307f4b4cc646a691ed4216,SP,Sao Paulo,Brazil,108,93.51851851851852,6.481481481481482,3.6018518518518516,true
f4aba7c0bca51484c30ab7bdc34bcdd1,SP,Sao Paulo,Brazil,108,93.51851851851852,6.481481481481482,3.9444444444444446,true
25c5c91f63607446a97b143d2d535d31,MG,Minas Gerais,Brazil,155,93.54838709677419,6.451612903225806,3.832258064516129,true
96493fab2fbb13a14d0c0e8772eef5c3,SP,Sao Paulo,Brazil,62,93.54838709677419,6.451612903225806,4.064516129032258,true
46dc3b2cc0980fb8ec44634e21d2718e,RJ,Rio de Janeiro,Brazil,498,93.57429718875503,6.42570281124498,4.267068273092369,true
41b39e28db005d9731d9d485a83b4c38,SP,Sao Paulo,Brazil,187,93.58288770053476,6.4171122994652405,4.179144385026738,true
0be8ff43f22e456b4e0371b2245e4d01,SP,Sao Paulo,Brazil,156,93.58974358974359,6.410256410256411,4.032051282051282,true
6560211a19b47992c3666cc44a7e94c0,SP,Sao Paulo,Brazil,1805,93.62880886426593,6.371191135734072,3.979501385041551,true
1b4c3a6f53068f0b6944d2d005c9fc89,SC,Santa Catarina,Brazil,110,93.63636363636364,6.363636363636363,4.254545454545455,true
5b925e1d006e9476d738aa200751b73b,SP,Sao Paulo,Brazil,63,93.65079365079364,6.349206349206349,4.603174603174603,true
128639473a139ac0f3e5f5ade55873a5,PR,Parana,Brazil,521,93.66602687140116,6.333973128598848,4.213051823416507,true
7ea5bfa6c340f58f8e71fc1f0412b0d6,MG,Minas Gerais,Brazil,95,93.6842105263158,6.315789473684211,4.189473684210526,true
01fdefa7697d26ad920e9e0346d4bd1b,PR,Parana,Brazil,127,93.7007874015748,6.299212598425197,4.377952755905512,true
5dceca129747e92ff8ef7a997dc4f8ca,SP,Sao Paulo,Brazil,318,93.71069182389937,6.289308176100629,4.012578616352202,true
fa40cc5b934574b62717c68f3d678b6d,SP,Sao Paulo,Brazil,303,93.72937293729373,6.270627062706271,4.481848184818482,true
001cca7ae9ae17fb1caed9dfb1094831,ES,Espirito Santo,Brazil,192,93.75,6.25,4.0625,true
cb3dd9ce66268c7a3ca7241ac70ab58c,SP,Sao Paulo,Brazil,48,93.75,6.25,4.197916666666667,true
232a6014e7b10cba61c6c2b2ea6bb4b0,SP,Sao Paulo,Brazil,32,93.75,6.25,4.15625,true
15cd6eefe58588619aaed41dfa6621b1,MG,Minas Gerais,Brazil,16,93.75,6.25,4.25,false
2be17df1c49978426251562096c3cc09,SC,Santa Catarina,Brazil,16,93.75,6.25,4.1875,false
5b33b527da3c5b969cc99dc435cad09a,PR,Parana,Brazil,16,93.75,6.25,4.125,false
8daab2245ebdc277c51098d01c5ad8ef,SP,Sao Paulo,Brazil,16,93.75,6.25,4.625,false
bb5bd94c8f59cc050072d2930c869cac,SP,Sao Paulo,Brazil,16,93.75,6.25,4.1875,false
d354c38a7182125a748cb10474fe963b,RJ,Rio de Janeiro,Brazil,16,93.75,6.25,4.375,false
dbdd0ec73a4817971d962698f2fea022,CE,Ceara,Brazil,16,93.75,6.25,4.375,false
e81e1f9c3e762e620f3fb60a51499e16,SC,Santa Catarina,Brazil,16,93.75,6.25,4.0,false
fe49ee029e61e789a1f3a5525f57ba8d,SP,Sao Paulo,Brazil,16,93.75,6.25,4.25,false
f457c46070d02cadd8a68551231220dd,PR,Parana,Brazil,194,93.81443298969072,6.185567010309279,3.8737113402061856,true
d91fb3b7d041e83b64a00a3edfb37e4f,SP,Sao Paulo,Brazil,520,93.84615384615384,6.153846153846154,4.139102564102563,true
cc419e0650a3c5ba77189a1882b7556a,SP,Sao Paulo,Brazil,1647,93.86763812993321,6.132361870066788,4.151993523578223,true
834f3294fba9f932f56edc879193f925,SP,Sao Paulo,Brazil,66,93.93939393939394,6.0606060606060606,4.545454545454546,true
8cbac7e12637ed9cffa18c7875207478,SC,Santa Catarina,Brazil,66,93.93939393939394,6.0606060606060606,4.166666666666667,true
65febd49fd28ec955651299159b1f527,SP,Sao Paulo,Brazil,33,93.93939393939394,6.0606060606060606,4.454545454545454,true
c8b0e2b0a7095e5d8219575d5e7e1181,SP,Sao Paulo,Brazil,83,93.97590361445783,6.024096385542169,4.0843373493975905,true
79ebd9a61bac3eaf882805ed4ecfa12a,PR,Parana,Brazil,133,93.98496240601504,6.015037593984962,4.052631578947368,true
3b15288545f8928d3e65a8f949a28291,SP,Sao Paulo,Brazil,100,94.0,6.0,4.08,true
09f952a5f58d2285b0372551ae8f9b01,SP,Sao Paulo,Brazil,50,94.0,6.0,3.84,true
7202e2ba20579a9bd1acb29e61fe71f6,SP,Sao Paulo,Brazil,50,94.0,6.0,3.98,true
95f83f51203c626648c875dd41874c7f,MG,Minas Gerais,Brazil,50,94.0,6.0,3.7,true
5f2684dab12e59f83bef73ae57724e45,SP,Sao Paulo,Brazil,67,94.02985074626865,5.970149253731344,3.791044776119403,true
dd2bdf855a9172734fbc3744021ae9b9,MG,Minas Gerais,Brazil,101,94.05940594059406,5.9405940594059405,3.871287128712871,true
9b013e03b2ab786505a1d3b5c0756754,SP,Sao Paulo,Brazil,169,94.0828402366864,5.9171597633136095,4.218934911242603,true
0241d4d5d36f10f80c644447315af0bd,PR,Parana,Brazil,237,94.09282700421942,5.9071729957805905,4.352320675105485,true
d2374cbcbb3ca4ab1086534108cc3ab7,SP,Sao Paulo,Brazil,509,94.10609037328095,5.893909626719057,3.7799607072691552,true
7a67c85e85bb2ce8582c35f2203ad736,SP,Sao Paulo,Brazil,1137,94.10729991204926,5.892700087950748,4.274846086191733,true
3d871de0142ce09b7081e2b9d1733cb1,SP,Sao Paulo,Brazil,1053,94.11206077872744,5.887939221272554,4.1918328584995255,true
dbd66278cbfe1aa1000f90a217ca4695,SP,Sao Paulo,Brazil,85,94.11764705882354,5.882352941176471,4.5058823529411764,true
e333046ce6517bd8bb510291d44f0130,SP,Sao Paulo,Brazil,68,94.11764705882354,5.882352941176471,4.338235294117647,true
33c51922b6e3c16b24a8f28e5833c99d,PR,Parana,Brazil,17,94.11764705882354,5.882352941176471,4.235294117647059,false
49067458c68f7701fd334ce326accbe0,MG,Minas Gerais,Brazil,17,94.11764705882354,5.882352941176471,3.3529411764705883,false
63ffcb71394dd8ea3872ed9ffda17c74,RJ,Rio de Janeiro,Brazil,17,94.11764705882354,5.882352941176471,3.176470588235294,false
8602a61d680a10a82cceeeda0d99ea3d,SP,Sao Paulo,Brazil,17,94.11764705882354,5.882352941176471,4.411764705882353,false
87d30a6a0cbf89356e49324971ab1d24,SP,Sao Paulo,Brazil,17,94.11764705882354,5.882352941176471,4.352941176470588,false
bba3293d6f5d5af2f415e004e8b93ae3,SP,Sao Paulo,Brazil,17,94.11764705882354,5.882352941176471,4.294117647058823,false
c12b92bf1c350f3e6bf88d3596219c86,SP,Sao Paulo,Brazil,17,94.11764705882354,5.882352941176471,3.8823529411764706,false
d06d019f72a04e5497a0b64190af170c,SP,Sao Paulo,Brazil,17,94.11764705882354,5.882352941176471,4.529411764705882,false
d25aa0aaacb370e912f8cf6efeba38b3,SC,Santa Catarina,Brazil,17,94.11764705882354,5.882352941176471,4.470588235294118,false
da7039f29f90ce5b4846ffc0fcc93beb,SP,Sao Paulo,Brazil,17,94.11764705882354,5.882352941176471,4.529411764705882,false
f1ed6bd0a9b11b581f16c851c6a5a527,RS,Rio Grande do Sul,Brazil,17,94.11764705882354,5.882352941176471,4.411764705882353,false
6edacfd9f9074789dad6d62ba7950b9c,SP,Sao Paulo,Brazil,205,94.14634146341463,5.853658536585366,4.390243902439025,true
5a8e7d5003a1f221f9e1d6e411de7c23,SP,Sao Paulo,Brazil,137,94.16058394160584,5.839416058394161,4.1678832116788325,true
1da3aeb70d7989d1e6d9b0e887f97c23,SP,Sao Paulo,Brazil,260,94.23076923076923,5.769230769230769,4.165384615384616,true
2ff97219cb8622eaf3cd89b7d9c09824,SP,Sao Paulo,Brazil,87,94.25287356321839,5.747126436781609,4.540229885057471,true
a1043bafd471dff536d0c462352beb48,MG,Minas Gerais,Brazil,700,94.28571428571429,5.714285714285714,4.275714285714286,true
81a1104df0f08b59c68aa5b03cfe398e,PR,Parana,Brazil,70,94.28571428571429,5.714285714285714,4.314285714285714,true
240b9776d844d37535668549a396af32,RJ,Rio de Janeiro,Brazil,35,94.28571428571429,5.714285714285714,4.3428571428571425,true
45ba18c210d42734ec52c0c1c574e9ee,SP,Sao Paulo,Brazil,35,94.28571428571429,5.714285714285714,4.114285714285714,true
dc8798cbf453b7e0f98745e396cc5616,SP,Sao Paulo,Brazil,35,94.28571428571429,5.714285714285714,3.3714285714285714,true
537eb890efff034a88679788b647c564,RJ,Rio de Janeiro,Brazil,158,94.30379746835443,5.69620253164557,4.237341772151899,true
cca3071e3e9bb7d12640c9fbe2301306,SP,Sao Paulo,Brazil,688,94.3313953488372,5.6686046511627906,3.8844476744186047,true
25e6ffe976bd75618accfe16cefcbd0d,SP,Sao Paulo,Brazil,106,94.33962264150944,5.660377358490566,4.443396226415095,true
d9a84e1403de8da0c3aa531d6d108ba6,SP,Sao Paulo,Brazil,53,94.33962264150944,5.660377358490566,4.584905660377358,true
ceaec5548eefc6e23e6607c5435102e7,SP,Sao Paulo,Brazil,195,94.35897435897436,5.641025641025641,4.2,true
1a3df491d1c4f1589fc2b934ada68bf2,SC,Santa Catarina,Brazil,160,94.375,5.625,4.271875,true
0c8380b62e38e8a1e6adbeba7eb9688c,MG,Minas Gerais,Brazil,178,94.38202247191012,5.617977528089888,4.073033707865169,true
87142160b41353c4e5fca2360caf6f92,RS,Rio Grande do Sul,Brazil,304,94.40789473684211,5.592105263157895,4.40625,true
6d66611d7c44cc30ce351abc49a68421,SP,Sao Paulo,Brazil,162,94.44444444444444,5.555555555555555,3.9691358024691357,true
a7f13822ceb966b076af67121f87b063,SP,Sao Paulo,Brazil,72,94.44444444444444,5.555555555555555,3.4027777777777777,true
63b464dbf392c7b80d12d932fa7cafed,SP,Sao Paulo,Brazil,36,94.44444444444444,5.555555555555555,3.861111111111111,true
1354d51653f645349064725ed204e85e,SP,Sao Paulo,Brazil,18,94.44444444444444,5.555555555555555,3.888888888888889,false
1fdc574883ef3b33ad41562d93f3a74a,SP,Sao Paulo,Brazil,18,94.44444444444444,5.555555555555555,4.444444444444445,false
30829ded4523ab9224b93bc49a62c95f,RS,Rio Grande do Sul,Brazil,18,94.44444444444444,5.555555555555555,3.7777777777777777,false
52d76513f0c4d97f3b99570e2c94ee31,RS,Rio Grande do Sul,Brazil,18,94.44444444444444,5.555555555555555,4.055555555555555,false
6aa3928696eab49a19a466e665a649fd,RJ,Rio de Janeiro,Brazil,18,94.44444444444444,5.555555555555555,4.611111111111111,false
6b536a23086fba0d58c08d68814397f6,RJ,Rio de Janeiro,Brazil,18,94.44444444444444,5.555555555555555,4.111111111111111,false
7a425d299613df3e613bcf9d2eaf5c49,RJ,Rio de Janeiro,Brazil,18,94.44444444444444,5.555555555555555,4.111111111111111,false
b4f8921fcc4ff77b66bea6dda43dcd51,RS,Rio Grande do Sul,Brazil,18,94.44444444444444,5.555555555555555,4.555555555555555,false
c35672b10ad50968f567ea3f4b91e877,RJ,Rio de Janeiro,Brazil,18,94.44444444444444,5.555555555555555,4.5,false
d03698c2efd04a549382afa6623e27fb,BA,Bahia,Brazil,18,94.44444444444444,5.555555555555555,4.5,false
dfc475d54e1b6dbeeb7d7d9bdaa63827,PR,Parana,Brazil,18,94.44444444444444,5.555555555555555,4.5,false
f4a04f7be452aa3bb31760bf00055dd0,SP,Sao Paulo,Brazil,18,94.44444444444444,5.555555555555555,4.666666666666667,false
f4c4daa86e30c7e5a553a8d518ac03a5,PR,Parana,Brazil,18,94.44444444444444,5.555555555555555,4.0,false
1c129092bf23f28a5930387c980c0dfc,SP,Sao Paulo,Brazil,199,94.47236180904522,5.527638190954774,4.251256281407035,true
3bdff180c7e1f6551a643b99c265a120,SP,Sao Paulo,Brazil,55,94.54545454545455,5.454545454545454,4.254545454545455,true
7d456afc660226829370f3173d14520c,SP,Sao Paulo,Brazil,55,94.54545454545455,5.454545454545454,4.345454545454546,true
dc317f341ab0e22f39acbd9dbf9b4a1f,RS,Rio Grande do Sul,Brazil,55,94.54545454545455,5.454545454545454,4.1454545454545455,true
dee656f0f566ed1aa85bd137c943f08f,SP,Sao Paulo,Brazil,92,94.56521739130434,5.434782608695652,4.369565217391305,true
2138ccb85b11a4ec1e37afbd1c8eda1f,SP,Sao Paulo,Brazil,387,94.57364341085271,5.426356589147287,3.956072351421189,true
53e4c6e0f4312d4d2107a8c9cddf45cd,SP,Sao Paulo,Brazil,461,94.57700650759219,5.422993492407809,4.130151843817788,true
516e7738bd8f735ac19a010ee5450d8d,RJ,Rio de Janeiro,Brazil,74,94.5945945945946,5.405405405405405,4.635135135135135,true
b94cc9f10ddc85e4ba73a6f7974e7101,RJ,Rio de Janeiro,Brazil,37,94.5945945945946,5.405405405405405,4.297297297297297,true
3078096983cf766a32a06257648502d1,SP,Sao Paulo,Brazil,56,94.64285714285714,5.357142857142857,4.303571428571429,true
7e93a43ef30c4f03f38b393420bc753a,SP,Sao Paulo,Brazil,318,94.65408805031447,5.345911949685535,4.364779874213837,true
1f9ab4708f3056ede07124aad39a2554,SP,Sao Paulo,Brazil,75,94.66666666666667,5.333333333333333,4.093333333333334,true
8f119a0aee85c0c8fc534629734e94fd,SP,Sao Paulo,Brazil,75,94.66666666666667,5.333333333333333,4.28,true
813348c996469b40f2e028d5429d3495,SP,Sao Paulo,Brazil,169,94.67455621301775,5.325443786982248,4.06508875739645,true
bfd27a966d91cfaafdb25d076585f0da,SP,Sao Paulo,Brazil,113,94.69026548672566,5.3097345132743365,4.31858407079646,true
05ff92fedb5be47920fea08e501238b9,RS,Rio Grande do Sul,Brazil,57,94.73684210526316,5.2631578947368425,4.315789473684211,true
113e3a788b935f48aad63e1c41dac1bd,SP,Sao Paulo,Brazil,38,94.73684210526316,5.2631578947368425,4.315789473684211,true
75fbb52eda0cbc24f479d3b2fbfa8d3e,GO,Goias,Brazil,38,94.73684210526316,5.2631578947368425,4.447368421052632,true
ba90964cff9b9e0e6f32b23b82465f7b,SP,Sao Paulo,Brazil,38,94.73684210526316,5.2631578947368425,4.421052631578948,true
430315b7bb4b6e4b3c978f9dfa9b0558,SP,Sao Paulo,Brazil,19,94.73684210526316,5.2631578947368425,3.9473684210526314,false
b494891378bd8f4560abe576c52deacd,SP,Sao Paulo,Brazil,19,94.73684210526316,5.2631578947368425,4.7368421052631575,false
d9442042130b7fe579d1295f9f4a248f,SP,Sao Paulo,Brazil,19,94.73684210526316,5.2631578947368425,4.368421052631579,false
e24d3429d294b2eb200b064ebb035879,SP,Sao Paulo,Brazil,19,94.73684210526316,5.2631578947368425,4.2631578947368425,false
e5475dcab1e07b63d7f6e902d8f5eda8,SP,Sao Paulo,Brazil,19,94.73684210526316,5.2631578947368425,4.105263157894737,false
e84ad2127668df3aafc6b73531a0beb8,SP,Sao Paulo,Brazil,19,94.73684210526316,5.2631578947368425,4.368421052631579,false
eb5b6204dde3a6e03b5f1bb8479f055b,SP,Sao Paulo,Brazil,19,94.73684210526316,5.2631578947368425,3.9473684210526314,false
f5b44895715ddfe3087dc414f30268f3,SP,Sao Paulo,Brazil,19,94.73684210526316,5.2631578947368425,4.0,false
f80edd2c5aaa505cc4b0a3b219abf4b8,SP,Sao Paulo,Brazil,115,94.78260869565217,5.217391304347826,4.147826086956521,true
670c26e0f1bf8d0576271d5cfaec6d2b,PR,Parana,Brazil,77,94.8051948051948,5.194805194805195,4.311688311688312,true
f8db351d8c4c4c22c6835c19a46f01b0,SP,Sao Paulo,Brazil,656,94.8170731707317,5.182926829268292,4.265243902439025,true
01cf7e3d21494c41fb86034f2e714fa1,PR,Parana,Brazil,58,94.82758620689656,5.172413793103448,4.120689655172414,true
9f505651f4a6abe901a56cdc21508025,SP,Sao Paulo,Brazil,390,94.87179487179488,5.128205128205129,4.366666666666666,true
d1b65fc7debc3361ea86b5f14c68d2e2,SP,Sao Paulo,Brazil,39,94.87179487179488,5.128205128205129,4.641025641025641,true
282f23a9769b2690c5dda22e316f9941,MG,Minas Gerais,Brazil,98,94.89795918367346,5.1020408163265305,4.36734693877551,true
2528513dd95219a6013d4d05176e391a,SP,Sao Paulo,Brazil,157,94.90445859872611,5.095541401273885,3.968152866242038,true
f7720c4fa8e3aba4546301ab80ea1f1b,PR,Parana,Brazil,59,94.91525423728814,5.084745762711864,4.262711864406779,true
1e8b33f18b4f7598d87f5cbee2282cc2,SP,Sao Paulo,Brazil,120,95.0,5.0,4.4,true
4e7c18b98d84e05cbae3ff0ff03846c2,SP,Sao Paulo,Brazil,80,95.0,5.0,4.2125,true
e8b3a3a38279a82f0e5d006d5e5b7d2c,PR,Parana,Brazil,80,95.0,5.0,4.0125,true
05d2173d43ea568aa0540eba70d2ca76,MG,Minas Gerais,Brazil,60,95.0,5.0,4.183333333333334,true
1d4587203296c8f4ad134dc286fa6db0,SP,Sao Paulo,Brazil,40,95.0,5.0,4.35,true
20d83f3ef0e6925fd74bfd59170babf7,SP,Sao Paulo,Brazil,40,95.0,5.0,4.4,true
83deb69e889cf80f82be1dc6d5f2d486,SC,Santa Catarina,Brazil,40,95.0,5.0,4.325,true
a2e874074c877c5a05abae80ad6e488f,SP,Sao Paulo,Brazil,40,95.0,5.0,4.25,true
ad420dd0c4f92f8af951ac24b86d0cf5,MG,Minas Gerais,Brazil,40,95.0,5.0,4.125,true
b56906f7fd1696e043f1bcce164c487b,SP,Sao Paulo,Brazil,40,95.0,5.0,4.0,true
1fe5540d7c1c37a595fefbacd5570d9e,RJ,Rio de Janeiro,Brazil,20,95.0,5.0,4.3,false
542917da124346b47ea1ac79a93ce454,PR,Parana,Brazil,20,95.0,5.0,4.15,false
6288c69c4ce638e59925e59193f98b16,SP,Sao Paulo,Brazil,20,95.0,5.0,4.25,false
808d4348b916efa08e766ebad39f61eb,SP,Sao Paulo,Brazil,20,95.0,5.0,4.6,false
82bd0703a4aefd6b599e5bfdaed378fb,SP,Sao Paulo,Brazil,20,95.0,5.0,4.0,false
7178f9f4dd81dcef02f62acdf8151e01,SC,Santa Catarina,Brazil,201,95.02487562189054,4.975124378109452,4.059701492537314,true
0c7533c71df861ec58ad7ff999ed0e8d,SP,Sao Paulo,Brazil,61,95.08196721311475,4.918032786885246,4.147540983606557,true
cce6ab8d1682639fe45ab70234f1665f,SP,Sao Paulo,Brazil,61,95.08196721311475,4.918032786885246,4.508196721311475,true
00fc707aaaad2d31347cf883cd2dfe10,PR,Parana,Brazil,102,95.09803921568627,4.901960784313726,4.063725490196078,true
7dc8c42cc750eeafea6c85712ffee9bf,SP,Sao Paulo,Brazil,41,95.1219512195122,4.878048780487805,4.195121951219512,true
e63e8bfa530fb16910dd6956e592bb81,SP,Sao Paulo,Brazil,41,95.1219512195122,4.878048780487805,4.317073170731708,true
1838dd9b8977065acf51d95e0053ea7a,MG,Minas Gerais,Brazil,62,95.16129032258064,4.838709677419355,4.370967741935484,true
7299e27ed73d2ad986de7f7c77d919fa,MG,Minas Gerais,Brazil,335,95.22388059701493,4.776119402985074,4.429850746268657,true
31344c16881c08a8a72c6d2eb29918c1,MG,Minas Gerais,Brazil,42,95.23809523809524,4.761904761904762,4.428571428571429,true
b39d7fe263ef469605dbb32608aee0af,SP,Sao Paulo,Brazil,42,95.23809523809524,4.761904761904762,3.9285714285714284,true
412a4720f3e9431b4afa1476a1acddbe,SP,Sao Paulo,Brazil,21,95.23809523809524,4.761904761904762,4.238095238095238,false
7c5b05cbdb5542049f38d90d7815b97d,SP,Sao Paulo,Brazil,21,95.23809523809524,4.761904761904762,4.523809523809524,false
8fdca8e349553f99bc738833a62c8802,SP,Sao Paulo,Brazil,21,95.23809523809524,4.761904761904762,4.190476190476191,false
9596c870880d900012f2e8e6e30d06d7,MG,Minas Gerais,Brazil,21,95.23809523809524,4.761904761904762,4.285714285714286,false
af3ef48d0e13835e529c29ac573c63e5,SP,Sao Paulo,Brazil,21,95.23809523809524,4.761904761904762,3.761904761904762,false
36a968b544695394e4e9d7572688598f,SP,Sao Paulo,Brazil,148,95.27027027027027,4.72972972972973,3.7533783783783785,true
febab0275244b9a49a623f0bd613ca2f,SP,Sao Paulo,Brazil,106,95.28301886792453,4.716981132075472,4.443396226415095,true
bd23da7354813347129d751591d1a6e2,SP,Sao Paulo,Brazil,85,95.29411764705883,4.705882352941177,4.117647058823529,true
4d6d651bd7684af3fffabd5f08d12e5a,SP,Sao Paulo,Brazil,362,95.30386740331491,4.696132596685083,4.223756906077348,true
aafe36600ce604f205b86b5084d3d767,SC,Santa Catarina,Brazil,129,95.34883720930233,4.651162790697675,4.403100775193798,true
b32be1695eb7ec5f10f72d9610a12527,RS,Rio Grande do Sul,Brazil,43,95.34883720930233,4.651162790697675,4.1395348837209305,true
cd06602b43d8800bd0afad514919d35c,SP,Sao Paulo,Brazil,43,95.34883720930233,4.651162790697675,3.744186046511628,true
e0a366315b1b726b6c7832d664c0f530,SP,Sao Paulo,Brazil,43,95.34883720930233,4.651162790697675,4.3023255813953485,true
abcd2cb37d46c2c8fb1bf071c859fc5b,MT,Mato Grosso,Brazil,44,95.45454545454545,4.545454545454546,4.318181818181818,true
afe0067131b73e40875c9b6c10bd2e21,MG,Minas Gerais,Brazil,44,95.45454545454545,4.545454545454546,4.2727272727272725,true
c66dccfb3f109511246da627dd5a2498,SP,Sao Paulo,Brazil,44,95.45454545454545,4.545454545454546,4.568181818181818,true
f789d2c4f2c2eb38fc4373e7a4b35264,MG,Minas Gerais,Brazil,44,95.45454545454545,4.545454545454546,4.159090909090909,true
093805f8f2aeb63881444571e1f48f30,SP,Sao Paulo,Brazil,22,95.45454545454545,4.545454545454546,4.181818181818182,false
0d33a55da925bbf1ff02af5f6059fc7f,SP,Sao Paulo,Brazil,22,95.45454545454545,4.545454545454546,4.454545454545454,false
2b1a40c1daabc6ca280c4b815c101841,MG,Minas Gerais,Brazil,22,95.45454545454545,4.545454545454546,3.8181818181818183,false
4b5f66b7adcf57f1ecc0d3c07dd6b177,PR,Parana,Brazil,22,95.45454545454545,4.545454545454546,4.090909090909091,false
5670f4db5b62c43d542e1b2d56b0cf7c,SP,Sao Paulo,Brazil,22,95.45454545454545,4.545454545454546,4.409090909090909,false
730937bf88cb151eb2eb849f642fc213,SP,Sao Paulo,Brazil,22,95.45454545454545,4.545454545454546,4.409090909090909,false
d624126b9206f595fb3fbb6ba03b28a8,PR,Parana,Brazil,22,95.45454545454545,4.545454545454546,4.318181818181818,false
df56d7b40d437f88407c5f78b63bc328,PR,Parana,Brazil,22,95.45454545454545,4.545454545454546,4.090909090909091,false
f0837c8d71434931d9e38e7b79234797,RS,Rio Grande do Sul,Brazil,22,95.45454545454545,4.545454545454546,4.590909090909091,false
6b90f847357d8981edd79a1eb1bf0acb,SP,Sao Paulo,Brazil,45,95.55555555555556,4.444444444444445,4.355555555555555,true
870d0118f7a9d85960f29ad89d5d989a,MG,Minas Gerais,Brazil,45,95.55555555555556,4.444444444444445,4.044444444444444,true
a3a38f4affed601eb87a97788c949667,SC,Santa Catarina,Brazil,249,95.58232931726907,4.417670682730924,4.401606425702811,true
ca3bd7cd9f149df75950150d010fe4a2,SP,Sao Paulo,Brazil,68,95.58823529411765,4.411764705882353,4.088235294117647,true
7b07b3c7487f0ea825fc6df75abd658b,SP,Sao Paulo,Brazil,91,95.6043956043956,4.395604395604396,4.417582417582418,true
c33847515fa6305ce6feb1e818569f13,SC,Santa Catarina,Brazil,114,95.6140350877193,4.385964912280702,3.8508771929824563,true
669ae81880e08f269a64487cfb287169,SC,Santa Catarina,Brazil,160,95.625,4.375,4.2625,true
381c83fdca332ea6afd896da20bf6e4a,PR,Parana,Brazil,46,95.65217391304348,4.3478260869565215,4.391304347826087,true
10076e5788b8ee532724bcd460baf762,SP,Sao Paulo,Brazil,23,95.65217391304348,4.3478260869565215,4.565217391304348,false
6426d21aca402a131fc0a5d0960a3c90,SP,Sao Paulo,Brazil,23,95.65217391304348,4.3478260869565215,4.173913043478261,false
8a432f4e5b471f8da497d7dc517666e2,SP,Sao Paulo,Brazil,94,95.74468085106383,4.25531914893617,4.191489361702128,true
80e6699fe29150b372a0c8a1ebf7dcc8,PR,Parana,Brazil,95,95.78947368421052,4.2105263157894735,4.336842105263158,true
de722cd6dad950a92b7d4f82673f8833,PE,Pernambuco,Brazil,336,95.83333333333333,4.166666666666667,4.303571428571429,true
9de4643a8dbde634fe55621059d92273,SC,Santa Catarina,Brazil,72,95.83333333333333,4.166666666666667,4.527777777777778,true
2199e7fe213c16213bf5d6a7eadc9a5d,SP,Sao Paulo,Brazil,24,95.83333333333333,4.166666666666667,4.375,false
a3f0b55de503387383c7b1de3ad7f678,PR,Parana,Brazil,24,95.83333333333333,4.166666666666667,4.416666666666667,false
a938325a4b357fd23a6a4d5bb126408e,RJ,Rio de Janeiro,Brazil,24,95.83333333333333,4.166666666666667,3.8333333333333335,false
cea729054f157f5870bdd321a958d994,SP,Sao Paulo,Brazil,24,95.83333333333333,4.166666666666667,4.125,false
ed4311e67debd72b8610a5347a743087,SP,Sao Paulo,Brazil,24,95.83333333333333,4.166666666666667,4.625,false
9e6229250fedbe05838fef417b74e7fb,SP,Sao Paulo,Brazil,73,95.89041095890411,4.109589041095891,3.8904109589041096,true
080102cd0a76b09e0dcf55fcacc60e05,MG,Minas Gerais,Brazil,122,95.90163934426229,4.098360655737705,4.516393442622951,true
7008613ea464bad5cb9b83456e1e6a8f,SC,Santa Catarina,Brazil,122,95.90163934426229,4.098360655737705,4.278688524590164,true
d94a40fd42351c259927028d163af842,MG,Minas Gerais,Brazil,98,95.91836734693878,4.081632653061225,4.214285714285714,true
138dbe45fc62f1e244378131a6801526,SP,Sao Paulo,Brazil,49,95.91836734693878,4.081632653061225,4.081632653061225,true
25cf099de44674fde97473224f9d59ab,SP,Sao Paulo,Brazil,49,95.91836734693878,4.081632653061225,4.326530612244898,true
53243585a1d6dc2643021fd1853d8905,BA,Bahia,Brazil,346,95.95375722543352,4.046242774566474,4.19364161849711,true
dfa0c4c6229ab200a4a1336b4d7128ff,SC,Santa Catarina,Brazil,77,96.1038961038961,3.896103896103896,4.0,true
710e3548e02bc1d2831dfc4f1b5b14d4,PR,Parana,Brazil,130,96.15384615384616,3.8461538461538463,3.4307692307692306,true
38e679b9e0064cd94c6f035707344dae,PR,Parana,Brazil,26,96.15384615384616,3.8461538461538463,4.115384615384615,false
4bfc7a4a1cf8d4d2121c27422d9e50b5,SP,Sao Paulo,Brazil,26,96.15384615384616,3.8461538461538463,4.538461538461538,false
cac876b37d3abcd6bd76caca30277996,PR,Parana,Brazil,26,96.15384615384616,3.8461538461538463,4.461538461538462,false
e883aa812c37a7413226856f4579fe91,SP,Sao Paulo,Brazil,26,96.15384615384616,3.8461538461538463,4.153846153846154,false
0db783cfcd3b73998abc6e10e59a102f,SP,Sao Paulo,Brazil,131,96.18320610687023,3.816793893129771,4.206106870229007,true
6b243f80ed07b10f0e8aa0f21a205f3c,PR,Parana,Brazil,79,96.20253164556962,3.7974683544303796,4.265822784810126,true
6c177e38df6d3f34182b1f1d427231bf,PR,Parana,Brazil,53,96.22641509433963,3.7735849056603774,4.150943396226415,true
750303a20e9c56b2a6bc45cdce0b897d,GO,Goias,Brazil,53,96.22641509433963,3.7735849056603774,4.30188679245283,true
db4350fd57ae30082dec7acbaacc17f9,SP,Sao Paulo,Brazil,135,96.29629629629629,3.7037037037037037,4.162962962962963,true
dbb9b48c841a0e39e21f98e1a6b2ec3e,SP,Sao Paulo,Brazil,108,96.29629629629629,3.7037037037037037,4.268518518518518,true
062ce95fa2ad4dfaedfc79260130565f,RS,Rio Grande do Sul,Brazil,54,96.29629629629629,3.7037037037037037,4.092592592592593,true
0885aaf116795758dfeb5f1032487bcd,SP,Sao Paulo,Brazil,27,96.29629629629629,3.7037037037037037,4.2592592592592595,false
1771297ac436903d1dd6b0e9279aa505,SP,Sao Paulo,Brazil,27,96.29629629629629,3.7037037037037037,4.62962962962963,false
5b67882648febfb6e1225e6ad7164f6b,PR,Parana,Brazil,27,96.29629629629629,3.7037037037037037,4.0,false
5f5b43b2bffa8656e4bc6efeb13cc649,SP,Sao Paulo,Brazil,27,96.29629629629629,3.7037037037037037,4.407407407407407,false
817245bcc3badd82bbd222e0366951a6,SP,Sao Paulo,Brazil,27,96.29629629629629,3.7037037037037037,4.111111111111111,false
cc3d14116804f7209f3884f6367f1152,PR,Parana,Brazil,27,96.29629629629629,3.7037037037037037,4.62962962962963,false
ffc470761de7d0232558ba5e786e57b7,SP,Sao Paulo,Brazil,27,96.29629629629629,3.7037037037037037,4.444444444444445,false
0432ead42b6c8a0bdf68154add917fdf,SP,Sao Paulo,Brazil,82,96.34146341463415,3.658536585365854,4.536585365853658,true
ebd2d60905fb58271facef5596b620d3,SP,Sao Paulo,Brazil,82,96.34146341463415,3.658536585365854,4.2317073170731705,true
eeb6de78f79159600292e314a77cbd18,SC,Santa Catarina,Brazil,82,96.34146341463415,3.658536585365854,4.439024390243903,true
85d9eb9ddc5d00ca9336a2219c97bb13,MG,Minas Gerais,Brazil,496,96.37096774193549,3.629032258064516,4.223790322580645,true
9674754b5a0cb32b638cec001178f799,SP,Sao Paulo,Brazil,84,96.42857142857143,3.5714285714285716,4.107142857142857,true
0bb738e4d789e63e2267697c42d35a2d,SP,Sao Paulo,Brazil,28,96.42857142857143,3.5714285714285716,4.642857142857143,false
6061155addc1e54b4cfb51c1c2a32ad8,SP,Sao Paulo,Brazil,28,96.42857142857143,3.5714285714285716,4.642857142857143,false
d379f449f2a3b271bc01c0782020f705,MG,Minas Gerais,Brazil,28,96.42857142857143,3.5714285714285716,3.892857142857143,false
562fc2f2c2863ab7e79a9e4388a58a14,SP,Sao Paulo,Brazil,253,96.44268774703558,3.5573122529644268,4.229249011857707,true
44073f8b7e41514de3b7815dd0237f4f,DF,Distrito Federal,Brazil,141,96.45390070921985,3.5460992907801416,3.74468085106383,true
1c68394e931a64f90ea236c5ea590300,PR,Parana,Brazil,142,96.47887323943662,3.5211267605633805,3.9049295774647885,true
376a891762bbdecbc02b4b6adec3fdda,GO,Goias,Brazil,57,96.49122807017544,3.508771929824561,4.666666666666667,true
91f848e9f4be368f4318775aac733370,SP,Sao Paulo,Brazil,58,96.55172413793103,3.4482758620689653,4.396551724137931,true
c864036feaab8c1659f65ea4faebe1da,PR,Parana,Brazil,58,96.55172413793103,3.4482758620689653,4.568965517241379,true
fcb5ace8bcc92f75707dc0f01a27d269,SP,Sao Paulo,Brazil,58,96.55172413793103,3.4482758620689653,3.9827586206896552,true
1464afc72f696af775557a821c2e253f,RJ,Rio de Janeiro,Brazil,29,96.55172413793103,3.4482758620689653,4.241379310344827,false
1b938a7ec6ac5061a66a3766e0e75f90,SP,Sao Paulo,Brazil,29,96.55172413793103,3.4482758620689653,4.413793103448276,false
4bf2f4ee540798a61f9636d12cd9cc80,SP,Sao Paulo,Brazil,29,96.55172413793103,3.4482758620689653,4.137931034482759,false
4ebdc7e6cd6102a022dadc49156d4ea8,SP,Sao Paulo,Brazil,29,96.55172413793103,3.4482758620689653,3.793103448275862,false
5cf13accae3222c70a9cac40818ae839,MG,Minas Gerais,Brazil,147,96.59863945578232,3.401360544217687,4.476190476190476,true
86ccac0b835037332a596a33b6949ee1,SC,Santa Catarina,Brazil,177,96.61016949152543,3.389830508474576,4.228813559322034,true
c6bda72e4dbf5c5866b13cb1810c6d03,SP,Sao Paulo,Brazil,59,96.61016949152543,3.389830508474576,4.398305084745763,true
709e16e2b25c7474d980076c6bfc4806,SP,Sao Paulo,Brazil,60,96.66666666666667,3.3333333333333335,4.516666666666667,true
02f5837340d7eb4f653d676c7256523a,PR,Parana,Brazil,30,96.66666666666667,3.3333333333333335,4.833333333333333,true
3c487ae8f8d7542beff5788e2e0aea83,DF,Distrito Federal,Brazil,30,96.66666666666667,3.3333333333333335,4.2,true
974cf2cb8f4b7add98709c30df02fe10,SP,Sao Paulo,Brazil,30,96.66666666666667,3.3333333333333335,4.166666666666667,true
b335c59ab742f751a85db9c411a86739,MG,Minas Gerais,Brazil,30,96.66666666666667,3.3333333333333335,4.033333333333333,true
c8b3445d737de6befde0c88ede534a5e,SP,Sao Paulo,Brazil,30,96.66666666666667,3.3333333333333335,4.433333333333334,true
d57e18d5f73c7ccb7f7339b61166898d,SP,Sao Paulo,Brazil,61,96.72131147540983,3.278688524590164,4.426229508196721,true
2a84855fd20af891be03bc5924d2b453,MG,Minas Gerais,Brazil,154,96.75324675324676,3.2467532467532467,4.376623376623376,true
b76dba6c951ab00dc4edf0a1aa88037e,SP,Sao Paulo,Brazil,155,96.7741935483871,3.225806451612903,4.219354838709678,true
ff063b022a9a0aab91bad2c9088760b7,SP,Sao Paulo,Brazil,93,96.7741935483871,3.225806451612903,4.311827956989247,true
b92e3c8f9738272ff7c59e111e108d7c,MG,Minas Gerais,Brazil,62,96.7741935483871,3.225806451612903,4.161290322580645,true
01fd077212124329bac32490e8ef80d9,SP,Sao Paulo,Brazil,31,96.7741935483871,3.225806451612903,4.161290322580645,true
18e694e0e48ed6f7aa3f24aade5fd697,SP,Sao Paulo,Brazil,31,96.7741935483871,3.225806451612903,4.67741935483871,true
33576ec5412fb5905d876f12f33bfde6,PR,Parana,Brazil,31,96.7741935483871,3.225806451612903,4.096774193548387,true
3c4e0452bff7a2a788179488d3d77032,PR,Parana,Brazil,31,96.7741935483871,3.225806451612903,3.838709677419355,true
4917cee8d902e13428c3ec4b1ca6f315,SC,Santa Catarina,Brazil,31,96.7741935483871,3.225806451612903,4.161290322580645,true
4e06067cc08b3f41d837768d392c3ee3,MG,Minas Gerais,Brazil,31,96.7741935483871,3.225806451612903,4.129032258064516,true
5d3bb11474a06bdc23fb9e89f1164ee0,SP,Sao Paulo,Brazil,31,96.7741935483871,3.225806451612903,3.903225806451613,true
72c5da29406b4234927b81855e7b64f6,SP,Sao Paulo,Brazil,31,96.7741935483871,3.225806451612903,4.129032258064516,true
93dc87703c046b603023e75222018b45,MG,Minas Gerais,Brazil,31,96.7741935483871,3.225806451612903,4.129032258064516,true
ed4acab38528488b65a9a9c603ff024a,SP,Sao Paulo,Brazil,31,96.7741935483871,3.225806451612903,3.806451612903226,true
8a32e327fe2c1b3511609d81aaf9f042,SP,Sao Paulo,Brazil,125,96.8,3.2,3.944,true
520b493b57809f446cb0a233bb3e25c7,SP,Sao Paulo,Brazil,63,96.82539682539682,3.1746031746031744,4.2936507936507935,true
9d4db00d65d7760644ac0c14edb5fd86,SP,Sao Paulo,Brazil,96,96.875,3.125,4.541666666666667,true
76d64c4aca3a7baf218bf93ef7fa768d,PR,Parana,Brazil,64,96.875,3.125,4.2265625,true
6481e96574816ead57975da2c0f6d80d,SP,Sao Paulo,Brazil,32,96.875,3.125,4.1875,true
8bd0f31cf0a614c658f6763bd02dea69,SP,Sao Paulo,Brazil,32,96.875,3.125,4.28125,true
ea67327e24487bdfac5fbfa37ea124df,SP,Sao Paulo,Brazil,32,96.875,3.125,3.53125,true
fad44952713764836814be105382aee5,RJ,Rio de Janeiro,Brazil,32,96.875,3.125,4.28125,true
5c243662ce92d84573bfaff24c3e3700,SP,Sao Paulo,Brazil,97,96.90721649484536,3.0927835051546393,4.144329896907217,true
0b90b6df587eb83608a64ea8b390cf07,PR,Parana,Brazil,162,96.91358024691358,3.0864197530864197,4.033950617283951,true
7722b1df1b0e383e000397b2c11e3e19,SP,Sao Paulo,Brazil,132,96.96969696969697,3.0303030303030303,4.2272727272727275,true
066a6914e1ebf3ea95a216c73a986b91,PR,Parana,Brazil,66,96.96969696969697,3.0303030303030303,4.090909090909091,true
48162d548f5b1b11b9d29d1e01f75a61,SP,Sao Paulo,Brazil,66,96.96969696969697,3.0303030303030303,3.984848484848485,true
5160d23075764e18e07c1f4a87fad743,SP,Sao Paulo,Brazil,33,96.96969696969697,3.0303030303030303,4.363636363636363,true
b839e41795b7f3ad94cc2014a52f6796,SP,Sao Paulo,Brazil,33,96.96969696969697,3.0303030303030303,4.090909090909091,true
cc5a78bbad32776dc4e3af205218368c,MG,Minas Gerais,Brazil,33,96.96969696969697,3.0303030303030303,4.454545454545454,true
dfc5fb7259bb2b599ca565e6e9448f0f,SP,Sao Paulo,Brazil,33,96.96969696969697,3.0303030303030303,4.121212121212121,true
ac3508719a1d8f5b7614b798f70af136,RS,Rio Grande do Sul,Brazil,100,97.0,3.0,4.64,true
94144541854e298c2d976cb893b81343,RS,Rio Grande do Sul,Brazil,67,97.01492537313433,2.985074626865672,4.253731343283582,true
966cb4760537b1404caedd472cc610a5,SP,Sao Paulo,Brazil,67,97.01492537313433,2.985074626865672,4.119402985074627,true
95e03ca3d4146e4011985981aeb959b9,RJ,Rio de Janeiro,Brazil,170,97.05882352941177,2.9411764705882355,4.0323529411764705,true
42bde9fef835393bb8a8849cb6b7f245,DF,Distrito Federal,Brazil,34,97.05882352941177,2.9411764705882355,4.352941176470588,true
a3dd39f583bc80bd8c5901c95878921e,BA,Bahia,Brazil,34,97.05882352941177,2.9411764705882355,4.588235294117647,true
9646c3513289980f17226a2fc4720dbd,SP,Sao Paulo,Brazil,69,97.10144927536231,2.898550724637681,4.449275362318841,true
aaed1309374718fdd995ee4c58c9dfcd,SC,Santa Catarina,Brazil,104,97.11538461538461,2.8846153846153846,4.0576923076923075,true
bf3c6d2a28b2b5501e6c15448982dcc9,SP,Sao Paulo,Brazil,35,97.14285714285714,2.857142857142857,4.6,true
fde0cc9ea29c8ccfc0a2c22256a58c71,PR,Parana,Brazil,35,97.14285714285714,2.857142857142857,4.485714285714286,true
30a2f535bb48308f991d0b9ad4a8c4bb,SP,Sao Paulo,Brazil,71,97.1830985915493,2.816901408450704,4.28169014084507,true
31561f325664a8a7aba4c8d0c3a9b3db,SP,Sao Paulo,Brazil,36,97.22222222222223,2.7777777777777777,4.638888888888889,true
3586b8580d9c917874e053a1bb37b5ff,SP,Sao Paulo,Brazil,36,97.22222222222223,2.7777777777777777,4.416666666666667,true
66dc1b1632bd6a3e508510c5b3492107,SP,Sao Paulo,Brazil,36,97.22222222222223,2.7777777777777777,3.638888888888889,true
1127b7f2594683f2510f1c2c834a486b,SP,Sao Paulo,Brazil,110,97.27272727272727,2.727272727272727,4.1909090909090905,true
594f9aaa48e5bf431f011ddc5669b0d5,MG,Minas Gerais,Brazil,37,97.29729729729729,2.7027027027027026,4.594594594594595,true
96804ea39d96eb908e7c3afdb671bb9e,MG,Minas Gerais,Brazil,37,97.29729729729729,2.7027027027027026,4.135135135135135,true
bacb1f0ed56ad24198f5810d2b3fe9a5,SP,Sao Paulo,Brazil,37,97.29729729729729,2.7027027027027026,4.324324324324325,true
37be5a7c751166fbc5f8ccba4119e043,SP,Sao Paulo,Brazil,266,97.36842105263158,2.6315789473684212,4.323308270676692,true
5a93f3ab0ef4c84ed5e1b5dbf23978bc,SP,Sao Paulo,Brazil,38,97.36842105263158,2.6315789473684212,4.7894736842105265,true
7f7b8245c336066a1f9933c359f11d77,SP,Sao Paulo,Brazil,38,97.36842105263158,2.6315789473684212,4.552631578947368,true
d66c305afaec317ebee552073a674429,MG,Minas Gerais,Brazil,38,97.36842105263158,2.6315789473684212,4.473684210526316,true
17ca9b9e9b9ef8fdb529001b49ebb50f,MG,Minas Gerais,Brazil,115,97.3913043478261,2.608695652173913,4.069565217391304,true
080199a181c46c657dc5aa235411be3b,SP,Sao Paulo,Brazil,78,97.43589743589743,2.5641025641025643,4.615384615384615,true
d23019c84ffae2d5ef2270367b8605fc,PR,Parana,Brazil,39,97.43589743589743,2.5641025641025643,4.410256410256411,true
dbc22125167c298ef99da25668e1011f,MG,Minas Gerais,Brazil,393,97.45547073791349,2.544529262086514,4.320610687022901,true
e26901d5ab434ce92fd9b5c256820a4e,SP,Sao Paulo,Brazil,197,97.46192893401015,2.5380710659898478,4.2030456852791875,true
c3cfdc648177fdbbbb35635a37472c53,PR,Parana,Brazil,277,97.47292418772564,2.527075812274368,4.469314079422382,true
cab85505710c7cb9b720bceb52b01cee,SP,Sao Paulo,Brazil,200,97.5,2.5,4.3325,true
9add47bf45ce8e8c7db6b9cf670b1e09,PR,Parana,Brazil,40,97.5,2.5,4.225,true
8bb48dc19fccaa8613b6229bf7f452a2,SP,Sao Paulo,Brazil,82,97.5609756097561,2.4390243902439024,4.414634146341464,true
3d8fa2f5b647373c8620330c4e077a9f,SP,Sao Paulo,Brazil,41,97.5609756097561,2.4390243902439024,4.2317073170731705,true
58f1a6197ed863543e0136bdedb3fce2,MG,Minas Gerais,Brazil,42,97.61904761904762,2.380952380952381,4.142857142857143,true
b410bdd36d5db7a65dcd42b7ead933b8,GO,Goias,Brazil,42,97.61904761904762,2.380952380952381,4.809523809523809,true
33a17d60c64393351ebf1ef860f4e0f2,RS,Rio Grande do Sul,Brazil,43,97.67441860465117,2.3255813953488373,4.627906976744186,true
3f995f07c49d0d55a99d5c54957f7d81,SP,Sao Paulo,Brazil,43,97.67441860465117,2.3255813953488373,4.209302325581396,true
06e5eefc71ec47ae763c5c6f8db7064f,RS,Rio Grande do Sul,Brazil,88,97.72727272727273,2.272727272727273,3.977272727272727,true
b8bc237ba3788b23da09c0f1f3a3288c,SC,Santa Catarina,Brazil,44,97.72727272727273,2.272727272727273,4.318181818181818,true
bccf933e006e9b94a6184af782963e77,SP,Sao Paulo,Brazil,44,97.72727272727273,2.272727272727273,4.5227272727272725,true
c68fb906c8f4b4b946d8386bfa6e5467,SP,Sao Paulo,Brazil,44,97.72727272727273,2.272727272727273,4.5227272727272725,true
259f7b5e6e482c230e5bfaa670b6bb8f,SP,Sao Paulo,Brazil,135,97.77777777777777,2.2222222222222223,4.355555555555555,true
f680f85bee2d253556ac91be391d2c82,SP,Sao Paulo,Brazil,45,97.77777777777777,2.2222222222222223,4.333333333333333,true
2a5b78b41cd05baeac8df54c6606b92c,MG,Minas Gerais,Brazil,46,97.82608695652173,2.1739130434782608,4.543478260869565,true
83e197e95a1bbabc8c75e883ed016c47,RJ,Rio de Janeiro,Brazil,46,97.82608695652173,2.1739130434782608,4.804347826086956,true
efcd8d2104f1a05d028af7bad20d974b,SP,Sao Paulo,Brazil,46,97.82608695652173,2.1739130434782608,4.195652173913044,true
0691148aee60ca47977c187804f935ae,PR,Parana,Brazil,47,97.87234042553192,2.127659574468085,4.180851063829787,true
0ef83d7d83ed97cd2a0049ac8be5f88a,PR,Parana,Brazil,47,97.87234042553192,2.127659574468085,4.148936170212766,true
4c03b9dd4c11ee2cb35c96c49efc9420,SP,Sao Paulo,Brazil,47,97.87234042553192,2.127659574468085,4.1063829787234045,true
b4ffb71f0cb1b1c3d63fad021ecf93e1,SP,Sao Paulo,Brazil,143,97.9020979020979,2.097902097902098,4.248251748251748,true
6cd68b3ed6d59aaa9fece558ad360c0a,MG,Minas Gerais,Brazil,149,97.98657718120805,2.0134228187919465,4.456375838926174,true
b1a81260566c1bac3114a6d124413f27,RS,Rio Grande do Sul,Brazil,51,98.03921568627452,1.9607843137254901,4.2745098039215685,true
33a6f4b1e7cdc205511e76ba1b6e0186,SP,Sao Paulo,Brazil,105,98.0952380952381,1.9047619047619047,4.40952380952381,true
a5cba26a62b8b4d0145b68b841e62e7f,PR,Parana,Brazil,53,98.11320754716981,1.8867924528301887,4.566037735849057,true
612170e34b97004b3ba37eae81836b4c,RS,Rio Grande do Sul,Brazil,107,98.13084112149532,1.8691588785046729,4.429906542056075,true
2dee2ce60de9709b1a24083217181a1f,MT,Mato Grosso,Brazil,54,98.14814814814815,1.8518518518518519,4.425925925925926,true
289cdb325fb7e7f891c38608bf9e0962,SP,Sao Paulo,Brazil,109,98.1651376146789,1.834862385321101,4.587155963302752,true
1b8356dabde1d35e17cef975c3f82730,SP,Sao Paulo,Brazil,55,98.18181818181819,1.8181818181818181,4.218181818181818,true
6c7d50c24b3ccd2fd83b44d8bb34e073,SP,Sao Paulo,Brazil,111,98.1981981981982,1.8018018018018018,4.45045045045045,true
d98eec89afa3380e14463da2aabaea72,RS,Rio Grande do Sul,Brazil,167,98.20359281437126,1.7964071856287425,4.338323353293413,true
0ea22c1cfbdc755f86b9b54b39c16043,MG,Minas Gerais,Brazil,231,98.26839826839827,1.7316017316017316,4.406926406926407,true
229c3efbfb0ea2058de4ccdfbc3d784a,MG,Minas Gerais,Brazil,117,98.2905982905983,1.7094017094017093,3.623931623931624,true
ce27a3cc3c8cc1ea79d11e561e9bebb6,SP,Sao Paulo,Brazil,117,98.2905982905983,1.7094017094017093,4.188034188034188,true
582d4f8675b945722eda7c0cb61ba4c7,SP,Sao Paulo,Brazil,59,98.30508474576271,1.694915254237288,4.1525423728813555,true
d566c37fa119d5e66c4e9052e83ee4ea,SP,Sao Paulo,Brazil,64,98.4375,1.5625,4.6875,true
8ae520247981aa06bc94abddf5f46d34,SC,Santa Catarina,Brazil,65,98.46153846153847,1.5384615384615385,4.446153846153846,true
12b9676b00f60f3b700e83af21824c0e,RS,Rio Grande do Sul,Brazil,132,98.48484848484848,1.5151515151515151,4.537878787878788,true
9d5a9018aee56acb367ba9c3f05d1d6a,GO,Goias,Brazil,66,98.48484848484848,1.5151515151515151,4.454545454545454,true
cb8bcce248bb1fb274ba762d8b971456,MG,Minas Gerais,Brazil,66,98.48484848484848,1.5151515151515151,4.333333333333333,true
822166ed1e47908f7cfb49946d03c726,RJ,Rio de Janeiro,Brazil,68,98.52941176470588,1.4705882352941178,3.985294117647059,true
d12c926d74ceff0a90a21184466ce161,SP,Sao Paulo,Brazil,76,98.6842105263158,1.3157894736842106,4.355263157894737,true
d921b68bf747894be13a97ae52b0f386,MG,Minas Gerais,Brazil,77,98.7012987012987,1.2987012987012987,4.558441558441558,true
744dac408745240a2c2528fb1b6028f3,PR,Parana,Brazil,78,98.71794871794872,1.2820512820512822,4.576923076923077,true
609e1a9a6c2539919b8205cf7c4e6ff0,SC,Santa Catarina,Brazil,85,98.82352941176471,1.1764705882352942,3.8117647058823527,true
0df3984f9dfb3d49ac6366acbd3bbb85,MG,Minas Gerais,Brazil,86,98.83720930232558,1.1627906976744187,4.383720930232558,true
530ec6109d11eaaf87999465c6afee01,PR,Parana,Brazil,94,98.93617021276596,1.0638297872340425,4.340425531914893,true
8c16d1f32a54d92897cc437244442e1b,SC,Santa Catarina,Brazil,107,99.06542056074767,0.9345794392523364,4.355140186915888,true
0bae85eb84b9fb3bd773911e89288d54,SP,Sao Paulo,Brazil,136,99.26470588235294,0.7352941176470589,4.294117647058823,true
fc906263ca5083d09dce42fe02247800,MG,Minas Gerais,Brazil,112,100.0,0.0,4.392857142857143,true
9616352088dcf83a7c06637f4ebf1c80,PR,Parana,Brazil,91,100.0,0.0,4.34065934065934,true
725c32fa80c2faacc4fc88450d27314e,SP,Sao Paulo,Brazil,87,100.0,0.0,4.517241379310345,true
f3b80352b986ab4d1057a4b724be19d0,DF,Distrito Federal,Brazil,86,100.0,0.0,4.209302325581396,true
b372ee768ed69e46ca8cdbd267aa7a38,SP,Sao Paulo,Brazil,63,100.0,0.0,4.436507936507937,true
57e632711dec9ec14ca7546769483e7e,SC,Santa Catarina,Brazil,62,100.0,0.0,4.419354838709677,true
e882b2a25a10b9c057cc49695f222c19,RJ,Rio de Janeiro,Brazil,57,100.0,0.0,4.578947368421052,true
cc63f0dd2acba93ffed4fe9f8e0321fa,SP,Sao Paulo,Brazil,55,100.0,0.0,4.090909090909091,true
fa1a9dec3a9940c072684a46728bf1fc,SC,Santa Catarina,Brazil,54,100.0,0.0,4.111111111111111,true
3504c0cb71d7fa48d967e0e4c94d59d9,SP,Sao Paulo,Brazil,53,100.0,0.0,4.415094339622642,true
2b3e4a2a3ea8e01938cabda2a3e5cc79,SP,Sao Paulo,Brazil,52,100.0,0.0,4.365384615384615,true
751bdc4d83a466c7206cd42e8f426b03,SP,Sao Paulo,Brazil,49,100.0,0.0,3.938775510204082,true
aae3bfea055532c57fb453ed3ec80b30,SP,Sao Paulo,Brazil,47,100.0,0.0,3.595744680851064,true
3bb548e3cb7f70f28e3f11ee9dce0e59,PR,Parana,Brazil,46,100.0,0.0,4.195652173913044,true
81f89e42267213cb94da7ddc301651da,SP,Sao Paulo,Brazil,46,100.0,0.0,3.6739130434782608,true
4da0e408c99d2fdc2126dc9fce518060,PR,Parana,Brazil,44,100.0,0.0,4.409090909090909,true
acce39e832338debb07b02385cde5967,MG,Minas Gerais,Brazil,44,100.0,0.0,4.4772727272727275,true
34d1ca11b242c0fee2c834ae8d788566,MG,Minas Gerais,Brazil,39,100.0,0.0,4.333333333333333,true
6df688df543f90e9b38f4319e75a9d88,MG,Minas Gerais,Brazil,39,100.0,0.0,4.564102564102564,true
b1ac6ea7895bc3dd6f0f6f4abbdd2821,RS,Rio Grande do Sul,Brazil,38,100.0,0.0,4.526315789473684,true
325f3178fb58e2a9778334621eecdbf9,SP,Sao Paulo,Brazil,36,100.0,0.0,4.444444444444445,true
5cbbd5a299cab112b7bf23862255e43e,PR,Parana,Brazil,36,100.0,0.0,4.277777777777778,true
6338ea67c41078a46ad99cc009654956,RS,Rio Grande do Sul,Brazil,35,100.0,0.0,4.6,true
718539d38d07dd351c76db862760e2e2,SP,Sao Paulo,Brazil,35,100.0,0.0,4.628571428571429,true
bba74270a87732727b5a3b4fd9ac1c39,MG,Minas Gerais,Brazil,35,100.0,0.0,4.057142857142857,true
bd4889b5e9133b35b66e42a8665cea5c,SP,Sao Paulo,Brazil,35,100.0,0.0,4.4,true
33ac3e28642ab8bda860a2f693000e78,SP,Sao Paulo,Brazil,34,100.0,0.0,4.205882352941177,true
b90e891671cffd9557f33a97dc523645,PR,Parana,Brazil,34,100.0,0.0,4.323529411764706,true
e49c26c3edfa46d227d5121a6b6e4d37,PE,Pernambuco,Brazil,34,100.0,0.0,4.5588235294117645,true
48efc9d94a9834137efd9ea76b065a38,PR,Parana,Brazil,33,100.0,0.0,5.0,true
0ebd97a106433a45a4aebe57c1799778,MG,Minas Gerais,Brazil,31,100.0,0.0,4.483870967741935,true
9baf5cb77970f539089d09a38bcec5c3,SP,Sao Paulo,Brazil,31,100.0,0.0,4.419354838709677,true
f67efa3f0b6761102a7f8c6b7b571f5d,PR,Parana,Brazil,31,100.0,0.0,4.483870967741935,true
40d54b51e962dbe09cabbcfd33298dee,SP,Sao Paulo,Brazil,30,100.0,0.0,4.0,true
f00e21b1e91a79653163b7fd8f293ff1,SP,Sao Paulo,Brazil,30,100.0,0.0,4.1,true
14a08204d03bb6b6bde8029f801ae0eb,SP,Sao Paulo,Brazil,28,100.0,0.0,3.892857142857143,false
94e93ce877be27a515118dbfd2c2be41,SP,Sao Paulo,Brazil,28,100.0,0.0,4.035714285714286,false
960945e1a9535cbc0cd6ddd35fbe7ae8,SP,Sao Paulo,Brazil,28,100.0,0.0,4.642857142857143,false
bf00385a5f7fc1ef39a13c2e9ee50a5f,SP,Sao Paulo,Brazil,28,100.0,0.0,4.428571428571429,false
671585f5a2af58b6e276bc01003c0d2b,PR,Parana,Brazil,27,100.0,0.0,4.703703703703703,false
73a63f72308aa20a46f4b1632018f196,PR,Parana,Brazil,26,100.0,0.0,4.1923076923076925,false
7ade73f1b9b4e965f9009a4c3a7e2c15,SP,Sao Paulo,Brazil,26,100.0,0.0,4.769230769230769,false
95ec4458365c4d11f452ccf538377619,SP,Sao Paulo,Brazil,26,100.0,0.0,4.615384615384615,false
f41ce2e25237f9092cd8e6e7516c7a2f,SP,Sao Paulo,Brazil,26,100.0,0.0,4.423076923076923,false
3481aa57cd91f9f9d3fa1fa12d9a3bf7,SP,Sao Paulo,Brazil,25,100.0,0.0,3.88,false
5debea795b07621e1f90532e18f96145,PR,Parana,Brazil,25,100.0,0.0,4.36,false
916748bc99315c2d202898ae58b1617e,SP,Sao Paulo,Brazil,25,100.0,0.0,4.28,false
b2a6d334e2833acea353624840e25a0e,SP,Sao Paulo,Brazil,25,100.0,0.0,4.48,false
e48b04bf1aa1ef711caebeb7aede6180,PR,Parana,Brazil,25,100.0,0.0,4.48,false
272f092de69afedd4d2969440b37f18f,SP,Sao Paulo,Brazil,24,100.0,0.0,3.9375,false
013900e863eace745d3ec7614cab5b1a,PR,Parana,Brazil,23,100.0,0.0,4.695652173913044,false
42ef3192a9ff87a22d1867b74b3ee205,SP,Sao Paulo,Brazil,23,100.0,0.0,4.6521739130434785,false
5c853bb56f70f4d14218944bae111d7a,SP,Sao Paulo,Brazil,23,100.0,0.0,4.0,false
7e26c750b4cb9f6766f58265ff9ebe95,MG,Minas Gerais,Brazil,23,100.0,0.0,4.434782608695652,false
c731d18cea9bf687ffee82a241c25b11,SC,Santa Catarina,Brazil,23,100.0,0.0,4.217391304347826,false
79ed755314cfe6df0daef2c6cd3022cd,SP,Sao Paulo,Brazil,22,100.0,0.0,4.7272727272727275,false
916c9de0b5ad957346eeeb12f332687e,PR,Parana,Brazil,22,100.0,0.0,4.545454545454546,false
d8c7ba53e7e38711eaef8c2849d6d2e1,PR,Parana,Brazil,22,100.0,0.0,4.5,false
e9511df20ccd82658a30c37b7fb343af,SP,Sao Paulo,Brazil,22,100.0,0.0,4.318181818181818,false
eed78ac17f7f795a19a709745f00cd4e,SP,Sao Paulo,Brazil,22,100.0,0.0,3.772727272727273,false
02ecc2a19303f05e59ce133fd923fff7,SP,Sao Paulo,Brazil,21,100.0,0.0,4.619047619047619,false
3785b653b1b82de85ab47dd139938091,PR,Parana,Brazil,21,100.0,0.0,4.714285714285714,false
42fa4ee7240e9b8eb4576358ec142ba7,RS,Rio Grande do Sul,Brazil,21,100.0,0.0,4.809523809523809,false
52f9db5cfb423382a2fa5c9e39303202,SP,Sao Paulo,Brazil,21,100.0,0.0,4.285714285714286,false
55d3daac7c404d59e51c2aa2f4dc5a23,SP,Sao Paulo,Brazil,21,100.0,0.0,4.095238095238095,false
5bffbafbb22daf6d3bfc216a46db8708,RJ,Rio de Janeiro,Brazil,21,100.0,0.0,4.761904761904762,false
679769a98cfcc6da877c8486ff1c13f3,MG,Minas Gerais,Brazil,21,100.0,0.0,4.571428571428571,false
845e8036c3f7bf62099352f5ed910240,RJ,Rio de Janeiro,Brazil,21,100.0,0.0,3.9523809523809526,false
b347677812ea483b0f528eaf8cbc09b7,PR,Parana,Brazil,21,100.0,0.0,4.523809523809524,false
bd697db56ff8e7c9cd1abeb7f72029b2,SP,Sao Paulo,Brazil,21,100.0,0.0,4.333333333333333,false
c72de06d72748d1a0dfb2125be43ba63,BA,Bahia,Brazil,21,100.0,0.0,4.476190476190476,false
e6a69c4a27dfdd98ffe5aa757ad744bc,SP,Sao Paulo,Brazil,21,100.0,0.0,4.285714285714286,false
41c2bad7229b0c25e6becf179ebf63ff,RN,Rio Grande do Norte,Brazil,20,100.0,0.0,4.95,false
8ab42aa58097fd4668d60cc648225d5f,GO,Goias,Brazil,20,100.0,0.0,4.2,false
e21a1e8be4715b0fcfd5385643bc49c4,SC,Santa Catarina,Brazil,20,100.0,0.0,3.7,false
f9244d45189d3a3605499abddeade7d5,SP,Sao Paulo,Brazil,20,100.0,0.0,4.35,false
094ced053e257ae8cae57205592d6712,SP,Sao Paulo,Brazil,19,100.0,0.0,4.052631578947368,false
4200ddf1967c5e41e48db62bc6d4b5ac,SP,Sao Paulo,Brazil,19,100.0,0.0,4.2631578947368425,false
65b081a070633e057c462abdd6fb9dd8,GO,Goias,Brazil,19,100.0,0.0,4.315789473684211,false
888faa8bfb0b159c37de6d898b961c31,SC,Santa Catarina,Brazil,19,100.0,0.0,4.2105263157894735,false
8ed8ea9a57c862f2c18c2fe41f601d56,SC,Santa Catarina,Brazil,19,100.0,0.0,4.473684210526316,false
b1fecf4da1fa2689bccffa0121953643,MS,Mato Grosso do Sul,Brazil,19,100.0,0.0,4.947368421052632,false
07bf9669d84d1f11be443a9dd938f698,SP,Sao Paulo,Brazil,18,100.0,0.0,3.7222222222222223,false
4978a02ea9c8be7a9b5480680f40334e,SP,Sao Paulo,Brazil,18,100.0,0.0,3.5555555555555554,false
4b0fdb526525f9890eb145bf1534640e,SP,Sao Paulo,Brazil,18,100.0,0.0,4.055555555555555,false
59417c56835dd8e2e72f91f809cd4092,SP,Sao Paulo,Brazil,18,100.0,0.0,4.277777777777778,false
77e4abfd739aed9c46480f90f81c0eb4,DF,Distrito Federal,Brazil,18,100.0,0.0,4.777777777777778,false
93b9a99027bd8bd6af682aff18dd19bf,SP,Sao Paulo,Brazil,18,100.0,0.0,4.111111111111111,false
bb135baca94c82fcb731335ad5b04a03,SP,Sao Paulo,Brazil,18,100.0,0.0,3.0555555555555554,false
bc2ac6b95e1accce9858528ee566c17e,SP,Sao Paulo,Brazil,18,100.0,0.0,4.555555555555555,false
bf100ecb7997df312b285358fb32f92c,PR,Parana,Brazil,18,100.0,0.0,4.444444444444445,false
ffdd9f82b9a447f6f8d4b91554cc7dd3,PR,Parana,Brazil,18,100.0,0.0,4.333333333333333,false
06bb3a2fe5e7b7a845b13e8fb91bd944,MG,Minas Gerais,Brazil,17,100.0,0.0,4.588235294117647,false
1430239a858e7682bbc43b20758af153,SP,Sao Paulo,Brazil,17,100.0,0.0,4.176470588235294,false
270297ead4c65a6cd2593960d2af6b21,SP,Sao Paulo,Brazil,17,100.0,0.0,3.823529411764706,false
30a81d8cf85fb2ada1b1b094c9583a95,SP,Sao Paulo,Brazil,17,100.0,0.0,4.823529411764706,false
4305fe92735c8a43d154ff6dd2b8d927,MG,Minas Gerais,Brazil,17,100.0,0.0,4.176470588235294,false
5bc24d989e71e93c33e50a7782431b0e,MG,Minas Gerais,Brazil,17,100.0,0.0,4.352941176470588,false
60562ab00b8054280520d390c8c0045c,SP,Sao Paulo,Brazil,17,100.0,0.0,4.764705882352941,false
72bc2cce903c872fe376a8faaa81d237,SP,Sao Paulo,Brazil,17,100.0,0.0,4.647058823529412,false
8a2d12a90e92f012ce5226fc6592b653,PR,Parana,Brazil,17,100.0,0.0,4.588235294117647,false
cda598c48d7c614bc1cad7d8ff6f0010,SP,Sao Paulo,Brazil,17,100.0,0.0,4.0588235294117645,false
d4f117125b59ce73c3302f88ee40c458,SP,Sao Paulo,Brazil,17,100.0,0.0,4.823529411764706,false
e7f3bf1ecd8526eb7f3b18059e6716e5,SP,Sao Paulo,Brazil,17,100.0,0.0,4.647058823529412,false
fbc14c0cf93505ef89f64665ffa4a7b5,SP,Sao Paulo,Brazil,17,100.0,0.0,4.176470588235294,false
ffa6adafb71b807dc13159e26431354c,PR,Parana,Brazil,17,100.0,0.0,3.9411764705882355,false
25e47381a6c510ddeb36084e33b89f0c,SP,Sao Paulo,Brazil,16,100.0,0.0,4.25,false
3092c0b297aacfb4bb6e056ebe13b9b8,SP,Sao Paulo,Brazil,16,100.0,0.0,4.125,false
4736e9d642ef4257cd7622516931eb51,SP,Sao Paulo,Brazil,16,100.0,0.0,4.125,false
51e4e89242cbb846c2deff3dc015650e,RS,Rio Grande do Sul,Brazil,16,100.0,0.0,4.625,false
5b664594895aefb418afaee6d40a9a23,RJ,Rio de Janeiro,Brazil,16,100.0,0.0,3.9375,false
638cba8be1fb599bbb76fd6948351eb3,SP,Sao Paulo,Brazil,16,100.0,0.0,4.6875,false
a425f92c199eb576938df686728acd20,PR,Parana,Brazil,16,100.0,0.0,4.5,false
cf2384dd2f1dddea3f838efed0945e65,SP,Sao Paulo,Brazil,16,100.0,0.0,3.9375,false
d66c11a9572221d92fbb8c4897db5f9b,RJ,Rio de Janeiro,Brazil,16,100.0,0.0,4.5625,false
db46ca7bce82b11f7e247539271fc390,RJ,Rio de Janeiro,Brazil,16,100.0,0.0,4.5625,false
26785a546900236d66f2e4197c211158,SP,Sao Paulo,Brazil,15,100.0,0.0,4.666666666666667,false
33cbbec1e7e1044aaf11d152172c776f,RS,Rio Grande do Sul,Brazil,15,100.0,0.0,4.733333333333333,false
3c010235b7345c92f125d14ee232a76b,PR,Parana,Brazil,15,100.0,0.0,4.666666666666667,false
41da412d33e8da4f22baf55cb1bde82c,ES,Espirito Santo,Brazil,15,100.0,0.0,4.666666666666667,false
6a38087bc8ad4f89ff453561005f6dea,GO,Goias,Brazil,15,100.0,0.0,4.6,false
9a84ba99f5367fdbd4598363496f1ea2,GO,Goias,Brazil,15,100.0,0.0,3.8,false
b1aaae6b66ad3c40f54b389d7ea4bee0,SP,Sao Paulo,Brazil,15,100.0,0.0,4.4,false
ba5daa4041e1f15cdf34b76e3e18a450,SP,Sao Paulo,Brazil,15,100.0,0.0,4.266666666666667,false
c6381d2d013342748761e906d45aff76,RS,Rio Grande do Sul,Brazil,15,100.0,0.0,3.8666666666666667,false
cfa5ab0e4d3fc212fd0b3410e7081c62,MG,Minas Gerais,Brazil,15,100.0,0.0,3.8666666666666667,false
e601b04acf48b4576e73ddca9481f0dc,SP,Sao Paulo,Brazil,15,100.0,0.0,4.066666666666666,false
f1fd5ab1181f827ffad998c1a5de7d74,PR,Parana,Brazil,15,100.0,0.0,4.666666666666667,false
f97e2b0650c2068227e1d366140eb62f,SP,Sao Paulo,Brazil,15,100.0,0.0,4.0,false
0eaa7e33d73809f1f925f7d07c506cbd,SP,Sao Paulo,Brazil,14,100.0,0.0,4.714285714285714,false
52562a9f449c3dc3d53f5f5b9ed74903,RN,Rio Grande do Norte,Brazil,14,100.0,0.0,4.785714285714286,false
6c12e40690c335dbc2f68a4134d30dc1,PR,Parana,Brazil,14,100.0,0.0,4.071428571428571,false
7ff588a03c2aeae4fbd23f9ae64b760d,SP,Sao Paulo,Brazil,14,100.0,0.0,4.642857142857143,false
82cb9f452fe8334df74b22d37824b431,RS,Rio Grande do Sul,Brazil,14,100.0,0.0,4.714285714285714,false
83645b1645cdee8953ee54c29ceed564,PR,Parana,Brazil,14,100.0,0.0,4.428571428571429,false
88cf19ec1fc2c58f161aee259d57142c,SP,Sao Paulo,Brazil,14,100.0,0.0,4.5,false
bbf9ad41dca6603e614efcdad7aab8c4,CE,Ceara,Brazil,14,100.0,0.0,4.5,false
c84592044b180dec206770c38603814b,SP,Sao Paulo,Brazil,14,100.0,0.0,4.428571428571429,false
de0c78824586e9a5f5f04fd84e25df39,SP,Sao Paulo,Brazil,14,100.0,0.0,4.642857142857143,false
df0f42bc4c2142eacf0eaf2cffd0cfbb,SC,Santa Catarina,Brazil,14,100.0,0.0,4.142857142857143,false
2d518637f53161b973e01f56ea4bb88e,SP,Sao Paulo,Brazil,13,100.0,0.0,4.923076923076923,false
2f74af7a0ee5636f12c2336f9fffed47,SP,Sao Paulo,Brazil,13,100.0,0.0,4.3076923076923075,false
3ca08eeb8d5595949fed424bd3677742,PR,Parana,Brazil,13,100.0,0.0,4.6923076923076925,false
51702dc2a3e106c76dbff722b5bf0726,SP,Sao Paulo,Brazil,13,100.0,0.0,4.3076923076923075,false
5a425cc503b39b262a847fd6212bf53b,PR,Parana,Brazil,13,100.0,0.0,4.461538461538462,false
768de2a4fc06aacecb9a586ccc30746a,DF,Distrito Federal,Brazil,13,100.0,0.0,4.384615384615385,false
9d5604a1f112324ad6b2aa552122e0fb,SP,Sao Paulo,Brazil,13,100.0,0.0,3.5384615384615383,false
9d681c7e12db302cb261e721040dde65,PR,Parana,Brazil,13,100.0,0.0,4.923076923076923,false
a2deecd5398f5df4987110c80a1972a3,SP,Sao Paulo,Brazil,13,100.0,0.0,4.269230769230769,false
c26a2be5b53b7db6b276280da212a779,RJ,Rio de Janeiro,Brazil,13,100.0,0.0,3.3846153846153846,false
c2d70ce2c5d0a2eb75e78668236e6dc8,SP,Sao Paulo,Brazil,13,100.0,0.0,4.615384615384615,false
c3e1abd72a42fe690fcd89cf5720fe29,SP,Sao Paulo,Brazil,13,100.0,0.0,4.461538461538462,false
df91910b6a03bb2e3358fa6a35e32f6f,SP,Sao Paulo,Brazil,13,100.0,0.0,4.615384615384615,false
02c988090b766852e088c69d7fb3b551,SP,Sao Paulo,Brazil,12,100.0,0.0,4.583333333333333,false
08d0949a9a17c027262db1f3c450c26c,PR,Parana,Brazil,12,100.0,0.0,3.7083333333333335,false
1c5e4e49b9079480255b49d50aac1aa9,SP,Sao Paulo,Brazil,12,100.0,0.0,4.333333333333333,false
2059c39f76271d4ca3f15b5ffaccc8b8,PR,Parana,Brazil,12,100.0,0.0,4.5,false
21e83881401b92b49fb09a16d3852291,MG,Minas Gerais,Brazil,12,100.0,0.0,4.833333333333333,false
257e61d3251fb5efb9daadddbc2cf7ca,PR,Parana,Brazil,12,100.0,0.0,4.75,false
26d6bbee02420494d471c9f6436929c0,PR,Parana,Brazil,12,100.0,0.0,4.666666666666667,false
2addf05f476d0637864454e93ba673d5,DF,Distrito Federal,Brazil,12,100.0,0.0,5.0,false
2c4c47cb51acd5ea5db5e0ae0e26542a,SP,Sao Paulo,Brazil,12,100.0,0.0,4.666666666666667,false
3969863bb8af7f72580b3b1ffd3a17b3,SP,Sao Paulo,Brazil,12,100.0,0.0,4.083333333333333,false
41ab63a91b8b264e8c8780368bf1dd5b,MG,Minas Gerais,Brazil,12,100.0,0.0,4.25,false
49e7217cfe4e427191c378ec626d8737,MG,Minas Gerais,Brazil,12,100.0,0.0,4.083333333333333,false
54065e9aef7e9e9c2dc23b7594db021a,RJ,Rio de Janeiro,Brazil,12,100.0,0.0,4.333333333333333,false
596849622429351f47b32e6cae1055ff,SP,Sao Paulo,Brazil,12,100.0,0.0,4.083333333333333,false
5b51032eddd242adc84c38acab88f23d,MG,Minas Gerais,Brazil,12,100.0,0.0,4.0,false
5b85809efd0d0e4dea1a9544e1280ed9,SP,Sao Paulo,Brazil,12,100.0,0.0,4.25,false
62c50c1af4dfdc4149d25c5222043d39,SP,Sao Paulo,Brazil,12,100.0,0.0,4.083333333333333,false
6d22a1fcebb6dd08c9cd90b92a93e8d0,SC,Santa Catarina,Brazil,12,100.0,0.0,4.25,false
968268a686aa05d1f529fb07dff08130,SP,Sao Paulo,Brazil,12,100.0,0.0,3.5,false
abc015ebac1d283a323ca9db35ede4b9,SP,Sao Paulo,Brazil,12,100.0,0.0,4.416666666666667,false
c510bc1718f0f2961eaa42a23330681a,SP,Sao Paulo,Brazil,12,100.0,0.0,4.25,false
cfd7ddab722b902f7ac5b5f3ba6d723d,MG,Minas Gerais,Brazil,12,100.0,0.0,4.75,false
d1c7fa84e48cfa21a0e595167c1c500e,RS,Rio Grande do Sul,Brazil,12,100.0,0.0,4.333333333333333,false
d6ab728cf30867cf3f1a2e216ae2f9b7,SP,Sao Paulo,Brazil,12,100.0,0.0,4.416666666666667,false
da6a60cc8cc724fe51be021ff8be779c,RJ,Rio de Janeiro,Brazil,12,100.0,0.0,4.75,false
e1dc0754bada9ee4cfe9713f22f61292,RJ,Rio de Janeiro,Brazil,12,100.0,0.0,3.8333333333333335,false
e256a62e0ac58c0edfba09966142d561,PR,Parana,Brazil,12,100.0,0.0,4.416666666666667,false
e2c92f9c1c7746d899d18f2e158bbff7,SP,Sao Paulo,Brazil,12,100.0,0.0,4.583333333333333,false
014d9a685fd57276679edd00e07089e5,PR,Parana,Brazil,11,100.0,0.0,3.727272727272727,false
08084d990eb3f53af056ccbc1730c8a7,SP,Sao Paulo,Brazil,11,100.0,0.0,4.454545454545454,false
141440cad9341e553f8401c574a2aa38,PR,Parana,Brazil,11,100.0,0.0,4.454545454545454,false
1dcfa3835714681d4ba4a93bc1e0fd41,SP,Sao Paulo,Brazil,11,100.0,0.0,4.2727272727272725,false
334cab711dee080b079fa5779b584783,SP,Sao Paulo,Brazil,11,100.0,0.0,4.909090909090909,false
3f8034bfc6b8b4135534975d49f04c63,PR,Parana,Brazil,11,100.0,0.0,4.0,false
47efca563408aae19bb7206c2d969ea9,PI,Piaui,Brazil,11,100.0,0.0,4.363636363636363,false
512d298ac2a96d1931b6bd30aa21f61d,RJ,Rio de Janeiro,Brazil,11,100.0,0.0,4.2727272727272725,false
557f22c76691849db52d2abccf0015d0,GO,Goias,Brazil,11,100.0,0.0,3.272727272727273,false
63a79f5a7eb5cb48a7e5787b141c7993,MG,Minas Gerais,Brazil,11,100.0,0.0,4.545454545454546,false
659e8466eb3ff1b0e8740d74fb7bbedd,BA,Bahia,Brazil,11,100.0,0.0,4.363636363636363,false
670a9dda115b5a88b18cfadee8de2332,SP,Sao Paulo,Brazil,11,100.0,0.0,4.454545454545454,false
6f83d9e4da896daae20b9b6b2d3ff8d2,PR,Parana,Brazil,11,100.0,0.0,4.363636363636363,false
77fccaae319668a8ab6cd0fd16aec48c,RJ,Rio de Janeiro,Brazil,11,100.0,0.0,4.454545454545454,false
788e857f317e53de488d393e65a80f45,SP,Sao Paulo,Brazil,11,100.0,0.0,4.909090909090909,false
7a2d2949aea47fab95fd98d6c9f618b1,PR,Parana,Brazil,11,100.0,0.0,4.2727272727272725,false
817f85dbb65aa3e70831d90fe75cdf89,SP,Sao Paulo,Brazil,11,100.0,0.0,4.545454545454546,false
8ff1a9df749e454105c55cda13e79143,SP,Sao Paulo,Brazil,11,100.0,0.0,3.727272727272727,false
9803a40e82e45418ab7fb84091af5231,GO,Goias,Brazil,11,100.0,0.0,3.727272727272727,false
a23266650e7c84bb93fbbba502137478,RS,Rio Grande do Sul,Brazil,11,100.0,0.0,3.8181818181818183,false
a369d693961cb93b61ca2cc518872a85,SP,Sao Paulo,Brazil,11,100.0,0.0,3.909090909090909,false
b080809eaacb49e5ca07290981472431,MG,Minas Gerais,Brazil,11,100.0,0.0,4.818181818181818,false
c9a06ece156bb057372c68718ec8909b,DF,Distrito Federal,Brazil,11,100.0,0.0,3.3636363636363638,false
d1b9d4be4b6f9ebd85f8acd6745ba612,MG,Minas Gerais,Brazil,11,100.0,0.0,4.181818181818182,false
d4e4b5192cba4e0e66eb12a9d347239d,PR,Parana,Brazil,11,100.0,0.0,4.454545454545454,false
e627629ba868740e287800f1a9be81c2,SP,Sao Paulo,Brazil,11,100.0,0.0,4.909090909090909,false
f0e103c63864d5405b958d984b6e94c9,SP,Sao Paulo,Brazil,11,100.0,0.0,4.7272727272727275,false
ff4e2d38692ce827b1a4f4b8196e680d,SP,Sao Paulo,Brazil,11,100.0,0.0,4.2727272727272725,false
01bcc9d254a0143f0ce9791b960b2a47,GO,Goias,Brazil,10,100.0,0.0,4.4,false
0ff83046c3fa22efee8ecf291888b191,RS,Rio Grande do Sul,Brazil,10,100.0,0.0,4.8,false
226b05fe067266c59c15dae208213d06,PR,Parana,Brazil,10,100.0,0.0,4.5,false
26af45f5dfd967225a832838aa4e24a3,PR,Parana,Brazil,10,100.0,0.0,4.1,false
2d42ebcda99fd55f6f4bc2f1ca035d50,GO,Goias,Brazil,10,100.0,0.0,4.3,false
2f4b0d3b9634b647d4edee577d7ebb7e,SP,Sao Paulo,Brazil,10,100.0,0.0,4.9,false
403aa86912527d730337ffcb0fb096ab,MG,Minas Gerais,Brazil,10,100.0,0.0,4.0,false
41b86b552e54e3a7009596125aa8b167,SP,Sao Paulo,Brazil,10,100.0,0.0,4.3,false
431050a06a317f2b38168dec3dcd2b46,SP,Sao Paulo,Brazil,10,100.0,0.0,4.5,false
5075aaa8404020ae6aa8bf4792099b41,MG,Minas Gerais,Brazil,10,100.0,0.0,3.9,false
54583ab379489add547fe47b628db589,SP,Sao Paulo,Brazil,10,100.0,0.0,4.8,false
59cea8e446d3834393058e7e0666b6fb,PR,Parana,Brazil,10,100.0,0.0,4.6,false
5ef131ac72773e5b3f6c0d63cf424657,SP,Sao Paulo,Brazil,10,100.0,0.0,4.1,false
5f26c1408a65b42a7224cd463bdf3292,PR,Parana,Brazil,10,100.0,0.0,4.8,false
5f7300535881cef3b625fd683cf7d145,RS,Rio Grande do Sul,Brazil,10,100.0,0.0,4.4,false
6bbcb8924baf70b7fe2fe2097e8cd407,SC,Santa Catarina,Brazil,10,100.0,0.0,4.5,false
8603f0038fe0e52fedd3382d266723de,SC,Santa Catarina,Brazil,10,100.0,0.0,4.4,false
89a51f50b8095ea78d5768f34c13a76f,DF,Distrito Federal,Brazil,10,100.0,0.0,4.7,false
9c690ceacd5c66731bf443ea810195cb,MG,Minas Gerais,Brazil,10,100.0,0.0,4.3,false
aac51c486b672a9850d59f3e84b1cf88,SP,Sao Paulo,Brazil,10,100.0,0.0,4.8,false
acb6c2ca5c82411c1fdb88d5fd5eb95e,SP,Sao Paulo,Brazil,10,100.0,0.0,3.9,false
ad273c9eb54ecb4532de4bf75bae9e4e,PR,Parana,Brazil,10,100.0,0.0,4.1,false
ade45994b717ccee333492330fbf037b,PR,Parana,Brazil,10,100.0,0.0,4.5,false
b9a03475e6447e631b6799ec8274800f,PR,Parana,Brazil,10,100.0,0.0,4.2,false
c5f7e746b7e6d07def6c0dae9903279b,PR,Parana,Brazil,10,100.0,0.0,4.4,false
cac63f48c38cd7d002a7e846dcd99a23,SP,Sao Paulo,Brazil,10,100.0,0.0,4.8,false
cb9fb4ca75d7ba8437480e8dde64fe98,SP,Sao Paulo,Brazil,10,100.0,0.0,4.0,false
cbf09e831b0c11f6f23ffb51004db972,SP,Sao Paulo,Brazil,10,100.0,0.0,4.4,false
d4ffeb15b67e81ff9af2b4252d99fb7e,SP,Sao Paulo,Brazil,10,100.0,0.0,4.3,false
e9c6969d40e6a3d2d0f90013165c2b98,SP,Sao Paulo,Brazil,10,100.0,0.0,4.4,false
f435898e493ba0356019a0b1cb8b55b1,PR,Parana,Brazil,10,100.0,0.0,4.4,false
f44b6f775a2b390380e0e30b5c9d3eee,SP,Sao Paulo,Brazil,10,100.0,0.0,4.9,false
f9903dd0f812c7e771fcad47b6fff231,SC,Santa Catarina,Brazil,10,100.0,0.0,3.2,false
fb3cfbc8a86f5d7fbb4d36b8df63f60d,RJ,Rio de Janeiro,Brazil,10,100.0,0.0,4.2,false
ffad1e7127fb622cb64a900751590acd,SP,Sao Paulo,Brazil,10,100.0,0.0,4.8,false
01c97ebb5cdac52891c0ed1c37ba0012,SP,Sao Paulo,Brazil,9,100.0,0.0,4.222222222222222,false
039b29ff3b3473435d0cd59040575de9,SP,Sao Paulo,Brazil,9,100.0,0.0,4.444444444444445,false
05a940b4ecae36cadfd8e93bd9c43257,GO,Goias,Brazil,9,100.0,0.0,4.222222222222222,false
0b18d63d0cd1d723567903fd34a07df2,SP,Sao Paulo,Brazil,9,100.0,0.0,4.777777777777778,false
0bebbb2cea103a4a020c95d43fd7d754,SP,Sao Paulo,Brazil,9,100.0,0.0,4.888888888888889,false
0ddefe3c7a032b91f4e25b9c3a08fca1,SP,Sao Paulo,Brazil,9,100.0,0.0,4.555555555555555,false
134a288e7de827ec5ec62e3ec9c3a295,SP,Sao Paulo,Brazil,9,100.0,0.0,4.777777777777778,false
1996942dc085d7773ba77a529b163cd0,SP,Sao Paulo,Brazil,9,100.0,0.0,4.222222222222222,false
1acde099eb406aa220b1169b188b42da,SP,Sao Paulo,Brazil,9,100.0,0.0,4.222222222222222,false
1b1ae47a313a825a7ccceb8e2e30fa9d,PR,Parana,Brazil,9,100.0,0.0,4.222222222222222,false
1bb3812d5f0747a3ab7348f199001a10,SP,Sao Paulo,Brazil,9,100.0,0.0,4.888888888888889,false
1e483cc5c76fef08d3ca05f9a8af7d01,SP,Sao Paulo,Brazil,9,100.0,0.0,4.444444444444445,false
2fdde51ad3e12f297da656d4fbd5d0b5,SC,Santa Catarina,Brazil,9,100.0,0.0,4.777777777777778,false
33d677f27a69b84051204ee4ae76eaca,SC,Santa Catarina,Brazil,9,100.0,0.0,4.555555555555555,false
3c3017960b2dbd72711a61f0400aab8f,SC,Santa Catarina,Brazil,9,100.0,0.0,3.888888888888889,false
3d0cd21d41671c46f82cd11176bf7277,SC,Santa Catarina,Brazil,9,100.0,0.0,4.666666666666667,false
3d2531eccfbde1d7c8db7a3a12fb267a,MG,Minas Gerais,Brazil,9,100.0,0.0,4.222222222222222,false
3f0e48d209018b466fcd3bb4ccfeb520,PR,Parana,Brazil,9,100.0,0.0,3.888888888888889,false
402916f742e5c740cc751493d9cf5053,MG,Minas Gerais,Brazil,9,100.0,0.0,4.666666666666667,false
48fb026ed7455a42f5d3e9390ed5088e,RJ,Rio de Janeiro,Brazil,9,100.0,0.0,2.888888888888889,false
508808d438fe2ff972ed13bb8f4a82e2,SP,Sao Paulo,Brazil,9,100.0,0.0,4.666666666666667,false
525e75a6fb1454a2325ab1734bcec221,SP,Sao Paulo,Brazil,9,100.0,0.0,3.888888888888889,false
5c3460cd3e8a984382ae254e7dd20d9f,SP,Sao Paulo,Brazil,9,100.0,0.0,4.666666666666667,false
6b9b80d53ba3676eafe60268a810b5a1,SP,Sao Paulo,Brazil,9,100.0,0.0,4.222222222222222,false
6c99c983ce3b6ba0ab813e6790e81691,MG,Minas Gerais,Brazil,9,100.0,0.0,3.7777777777777777,false
8c5e007d7bd5693fa1386ffefbc99f6c,SP,Sao Paulo,Brazil,9,100.0,0.0,4.333333333333333,false
8d46553a36e68f95350a200c12f8f2e2,SP,Sao Paulo,Brazil,9,100.0,0.0,4.222222222222222,false
a0415d9b25ede3c4b1e477e9916ffc03,RJ,Rio de Janeiro,Brazil,9,100.0,0.0,4.222222222222222,false
ae45df84722b1d15c5f32b23a095746c,SP,Sao Paulo,Brazil,9,100.0,0.0,4.777777777777778,false
b2eecf5ea250510da76590ca79d60e5d,SP,Sao Paulo,Brazil,9,100.0,0.0,5.0,false
b8578d2d823bd8e251f6fdd02b40902d,SC,Santa Catarina,Brazil,9,100.0,0.0,4.444444444444445,false
c64a2aec32cc408a8a4c6d7c46017f91,RS,Rio Grande do Sul,Brazil,9,100.0,0.0,3.888888888888889,false
c840d3fdbba0790404fdae73d253b253,PR,Parana,Brazil,9,100.0,0.0,3.5555555555555554,false
d29ba1220fb8634fa3a107e54497b8a4,SP,Sao Paulo,Brazil,9,100.0,0.0,3.2222222222222223,false
d9e8c084b68fe958861d8f2c21202e6b,SP,Sao Paulo,Brazil,9,100.0,0.0,4.333333333333333,false
ea65d8b58316a6f2362f2a9e4b3e86ad,SP,Sao Paulo,Brazil,9,100.0,0.0,4.0,false
ea6b12bf9ffe2bac34602ec631d97a47,SP,Sao Paulo,Brazil,9,100.0,0.0,4.333333333333333,false
ead2bab70821ea148476ae9bc08548ac,MG,Minas Gerais,Brazil,9,100.0,0.0,4.5,false
ef30892870c278497523264be1be2241,SP,Sao Paulo,Brazil,9,100.0,0.0,4.555555555555555,false
f12d3c2a14729ae461b920c11fe20fdc,SP,Sao Paulo,Brazil,9,100.0,0.0,4.444444444444445,false
f326006815956455b2859abd58fe7e39,SP,Sao Paulo,Brazil,9,100.0,0.0,4.666666666666667,false
fac1a9017ade7bdc94058fc1c969f355,SP,Sao Paulo,Brazil,9,100.0,0.0,4.666666666666667,false
fec6275253471ace26d209bbaa64cd0f,RJ,Rio de Janeiro,Brazil,9,100.0,0.0,4.555555555555555,false
034b9387752bfa309f350a70cd45ffa3,SC,Santa Catarina,Brazil,8,100.0,0.0,4.5,false
07017df32dc5f2f1d2801e579548d620,PB,Paraiba,Brazil,8,100.0,0.0,4.0,false
10ff823eda2b032e2c93d17a7d294736,SP,Sao Paulo,Brazil,8,100.0,0.0,4.25,false
13c2ed7698b3ca92dad49e849219da59,PR,Parana,Brazil,8,100.0,0.0,4.375,false
2009a095de2a2a41626f6c6d7722678d,SP,Sao Paulo,Brazil,8,100.0,0.0,4.375,false
293dee954235e4e4e43f129313625ebe,DF,Distrito Federal,Brazil,8,100.0,0.0,5.0,false
297d5eccd19fa9a83b2630071ff105e4,PR,Parana,Brazil,8,100.0,0.0,5.0,false
32fdd5d44ecb43dfd6a24b9369eca144,MG,Minas Gerais,Brazil,8,100.0,0.0,4.375,false
34f563c82a85b99ae9e6d60db5fc2e28,RS,Rio Grande do Sul,Brazil,8,100.0,0.0,4.625,false
38102b031c2a15e54623d711bfc753d3,CE,Ceara,Brazil,8,100.0,0.0,4.0,false
3a490ba60afa30ece0e7d50cfe74a4f0,MG,Minas Gerais,Brazil,8,100.0,0.0,4.625,false
3d39fbf22a665714baf62fae36029e23,SP,Sao Paulo,Brazil,8,100.0,0.0,4.75,false
3d621842b2ed28e2b474132480edac3c,SP,Sao Paulo,Brazil,8,100.0,0.0,4.625,false
404e1ba01358af4cd63f679b2c4d1fa1,MG,Minas Gerais,Brazil,8,100.0,0.0,5.0,false
41b14765bd56c8ad10971074380f9c0c,SP,Sao Paulo,Brazil,8,100.0,0.0,4.625,false
455c5640e8c5bd1b2ee85c0158f85727,SC,Santa Catarina,Brazil,8,100.0,0.0,4.5,false
49383af7ab774e4e8f3000f49c83dc4b,SP,Sao Paulo,Brazil,8,100.0,0.0,4.375,false
4d0041cdbe51b4617d95c70b19decc74,MG,Minas Gerais,Brazil,8,100.0,0.0,4.5,false
4eb61f060e7dcc1d5a80d806c35cc541,SP,Sao Paulo,Brazil,8,100.0,0.0,3.875,false
55dedd83e501d8248880557d9073cbfd,RJ,Rio de Janeiro,Brazil,8,100.0,0.0,4.875,false
57fe6232e67823593374a2281d7a8af8,SP,Sao Paulo,Brazil,8,100.0,0.0,4.75,false
6b89abe95848c850399130d149a39b63,GO,Goias,Brazil,8,100.0,0.0,4.375,false
70b52a4cfc823994561b00bad161b4ed,SP,Sao Paulo,Brazil,8,100.0,0.0,4.375,false
7b98de631987e26dd6d803490c43a13c,PR,Parana,Brazil,8,100.0,0.0,4.625,false
8185694b58b2ba6de20fd41ae608bbea,SP,Sao Paulo,Brazil,8,100.0,0.0,4.5,false
8c0de775f52fe41590b376a3b7c50f68,SP,Sao Paulo,Brazil,8,100.0,0.0,4.25,false
9198786624eaeb375793215cad26cfa6,SC,Santa Catarina,Brazil,8,100.0,0.0,4.0,false
92d14edfb62ee5ae7fdff70b0f4e7233,SP,Sao Paulo,Brazil,8,100.0,0.0,3.375,false
a06c8ff043abea0528ee44171e2140a2,MG,Minas Gerais,Brazil,8,100.0,0.0,4.75,false
a1544b9ea0b2390e020537d4daa89049,SP,Sao Paulo,Brazil,8,100.0,0.0,3.875,false
a2fa0bdc798ee84cdb08281337cf4fb6,SC,Santa Catarina,Brazil,8,100.0,0.0,4.75,false
a36ac007a4d18f865c8d32c3b2402c2d,SP,Sao Paulo,Brazil,8,100.0,0.0,2.75,false
a478c7961d6a992065b24e63b366f90b,SC,Santa Catarina,Brazil,8,100.0,0.0,4.875,false
a5259c149128e82c9d6d46e0c1c812bb,RO,Rondonia,Brazil,8,100.0,0.0,3.875,false
ae8bfdbf1c2a2a2dee92d799db0a31c6,PR,Parana,Brazil,8,100.0,0.0,4.125,false
b3f19518fcec265b2e97af287725f981,SP,Sao Paulo,Brazil,8,100.0,0.0,4.375,false
b8114f2f589a6804810f04f99b36b498,SP,Sao Paulo,Brazil,8,100.0,0.0,4.75,false
b81e3a6c866a764974fe849821abeebd,SP,Sao Paulo,Brazil,8,100.0,0.0,4.625,false
bd149ed516d4c5d418d5781f8e18919f,SP,Sao Paulo,Brazil,8,100.0,0.0,4.875,false
c33a5c3c983090c8b78a28e65052a20d,SC,Santa Catarina,Brazil,8,100.0,0.0,4.125,false
c7a0a13cbcf29d5ce51c8f80afdc0b89,SC,Santa Catarina,Brazil,8,100.0,0.0,4.125,false
c8cc60ffd415254af5d9b9f34f32c369,SP,Sao Paulo,Brazil,8,100.0,0.0,4.75,false
d0d70d21e2234dd7cd3cf63fe414148a,PB,Paraiba,Brazil,8,100.0,0.0,4.25,false
d94ba08b99bedd6a5f6c875ecc4a6fac,PR,Parana,Brazil,8,100.0,0.0,4.75,false
dace965ca58120f92f8d742a9fa1864b,SP,Sao Paulo,Brazil,8,100.0,0.0,4.625,false
ddd51ae8cda92f3995a51fc0f0f3eec7,RJ,Rio de Janeiro,Brazil,8,100.0,0.0,4.625,false
e0eabded302882513ced4ea3eb0c7059,SP,Sao Paulo,Brazil,8,100.0,0.0,4.625,false
e250d617a0ad591ba9bd663e584a895d,SP,Sao Paulo,Brazil,8,100.0,0.0,3.5,false
e88c9b79e592e370d6bd852eeefbf057,PR,Parana,Brazil,8,100.0,0.0,4.75,false
eb72802c83dc7547529c9546d1a9b8ef,SP,Sao Paulo,Brazil,8,100.0,0.0,4.625,false
ec933281fb017b5020d06df29c3f77e8,SP,Sao Paulo,Brazil,8,100.0,0.0,5.0,false
f205b1a3ca9a34e0f8a228bae6e4c7b3,RS,Rio Grande do Sul,Brazil,8,100.0,0.0,4.875,false
f25e239052084705e17a982bc600ab2a,SP,Sao Paulo,Brazil,8,100.0,0.0,4.25,false
fe1b067411b8c5066e962aa146ccee03,SP,Sao Paulo,Brazil,8,100.0,0.0,4.625,false
ffff564a4f9085cd26170f4732393726,SP,Sao Paulo,Brazil,8,100.0,0.0,3.25,false
06532f10282704ef4c69168b914b77be,PR,Parana,Brazil,7,100.0,0.0,4.714285714285714,false
0951a6e282947e09cd47969f4ed0b47f,SP,Sao Paulo,Brazil,7,100.0,0.0,4.857142857142857,false
112453736dbe3889cfb74e1aaa0ba0c1,SP,Sao Paulo,Brazil,7,100.0,0.0,4.142857142857143,false
184a67a8f9f63234d3a92340bbdb727f,SC,Santa Catarina,Brazil,7,100.0,0.0,4.285714285714286,false
1b45169b635ef59425637e9a33eb5fb3,PR,Parana,Brazil,7,100.0,0.0,4.571428571428571,false
1f867308a0ce13133a4e639ff4de0c02,PR,Parana,Brazil,7,100.0,0.0,4.142857142857143,false
26bad72add1f86e08a776ce4ffdaf1ca,SP,Sao Paulo,Brazil,7,100.0,0.0,4.428571428571429,false
2e0dba2da448400b1c11d7b4b22f32a4,SP,Sao Paulo,Brazil,7,100.0,0.0,3.142857142857143,false
2ff6b7bff164ef05590a52734e1296da,PR,Parana,Brazil,7,100.0,0.0,4.714285714285714,false
3076499bbc033a927bf4a8a41bcf7fd4,SP,Sao Paulo,Brazil,7,100.0,0.0,4.285714285714286,false
3985a3c45be355a4c57fde108bfabd1c,RS,Rio Grande do Sul,Brazil,7,100.0,0.0,4.0,false
39d61be7a92eb77b7da367bd4845bc0e,SP,Sao Paulo,Brazil,7,100.0,0.0,4.0,false
3ea00e1dea2b0659dbaf654735929220,PR,Parana,Brazil,7,100.0,0.0,4.857142857142857,false
3f9be91358837bff69df67edfa3e42e8,PR,Parana,Brazil,7,100.0,0.0,4.428571428571429,false
3f9c56764fabca627406093dcb3ef0b4,RJ,Rio de Janeiro,Brazil,7,100.0,0.0,4.714285714285714,false
3faf68a3b0af94b10bac70d86077be49,SP,Sao Paulo,Brazil,7,100.0,0.0,4.571428571428571,false
4049512728d969bec69f84088b012416,MG,Minas Gerais,Brazil,7,100.0,0.0,5.0,false
48985c61529077fa4f1e38bcff0f2ed3,RS,Rio Grande do Sul,Brazil,7,100.0,0.0,4.428571428571429,false
4cf490a58259286ada5ba8525ba9e84a,SP,Sao Paulo,Brazil,7,100.0,0.0,3.4285714285714284,false
4d600e08ecbe08258c79e536c5a42fee,PR,Parana,Brazil,7,100.0,0.0,4.428571428571429,false
52a52b9f656520e99716f5bc40f661c8,SP,Sao Paulo,Brazil,7,100.0,0.0,4.0,false
54aa8463e87776b5612f4bdc4bd5d4de,MG,Minas Gerais,Brazil,7,100.0,0.0,3.857142857142857,false
55029529919c0123526150bd26ca8f20,MG,Minas Gerais,Brazil,7,100.0,0.0,4.714285714285714,false
5c030029b5916fed0986310385ec9009,SC,Santa Catarina,Brazil,7,100.0,0.0,4.857142857142857,false
5fd924b4836098a5be0ecf81ba054ce0,SP,Sao Paulo,Brazil,7,100.0,0.0,4.0,false
651fe66032c9520ee5587f694908040d,RS,Rio Grande do Sul,Brazil,7,100.0,0.0,4.0,false
6989574bd97d9773f10d232b6c07da59,PR,Parana,Brazil,7,100.0,0.0,4.857142857142857,false
6b803197e03abd5056b4313306b4f29d,SP,Sao Paulo,Brazil,7,100.0,0.0,4.714285714285714,false
6da1992f915d77be95d7fa48b36904af,SP,Sao Paulo,Brazil,7,100.0,0.0,4.0,false
6e1862e15f33d9994bc25922a85e1efc,SP,Sao Paulo,Brazil,7,100.0,0.0,4.428571428571429,false
70bf57d811208f8923b41bbd499a67a4,SP,Sao Paulo,Brazil,7,100.0,0.0,4.142857142857143,false
7354220fb240bde543b3c40c060d41e7,DF,Distrito Federal,Brazil,7,100.0,0.0,4.571428571428571,false
73b8eb4a9a729d4019b24ed1be748cbf,SP,Sao Paulo,Brazil,7,100.0,0.0,4.857142857142857,false
86ff3eaef0267069cc891a2ed9d10a17,SC,Santa Catarina,Brazil,7,100.0,0.0,4.714285714285714,false
89de2d6f23e9746ff309705b23581faa,PR,Parana,Brazil,7,100.0,0.0,2.7142857142857144,false
8f2b51a30523cdecddc2f179f351c7d6,SP,Sao Paulo,Brazil,7,100.0,0.0,4.142857142857143,false
9a1aea68d3efa00862ec88c0768037d0,SP,Sao Paulo,Brazil,7,100.0,0.0,4.428571428571429,false
b274baf5bbd142410eb2958cf685d684,RS,Rio Grande do Sul,Brazil,7,100.0,0.0,4.285714285714286,false
b67d6c666e8dce1d078c882825e12704,SP,Sao Paulo,Brazil,7,100.0,0.0,4.857142857142857,false
b7ed9fb14c8eadb37adb9c45d67ab0fb,SP,Sao Paulo,Brazil,7,100.0,0.0,3.2857142857142856,false
bd4431c1a8dfa744b59e1e2a8bc99b9e,RJ,Rio de Janeiro,Brazil,7,100.0,0.0,4.571428571428571,false
c03121937e54a93fcc1825c3098bbb6e,PR,Parana,Brazil,7,100.0,0.0,5.0,false
c157bdeedcbc9a8e3c8bf0d87ff24428,SP,Sao Paulo,Brazil,7,100.0,0.0,4.428571428571429,false
c447f8dd3ed213f291d65ef074a268eb,SP,Sao Paulo,Brazil,7,100.0,0.0,3.7142857142857144,false
c54679b132454625907c773d273d4126,SP,Sao Paulo,Brazil,7,100.0,0.0,4.857142857142857,false
c8c1bea22194a4eefa2dc9a9fa89f536,SC,Santa Catarina,Brazil,7,100.0,0.0,5.0,false
c8e135e7b21ecbc36c1153a29d2f5a06,SP,Sao Paulo,Brazil,7,100.0,0.0,4.857142857142857,false
d2f3e277560ed4c6361284429b00f037,SP,Sao Paulo,Brazil,7,100.0,0.0,4.714285714285714,false
d594982fd877af63ace38ea1fca27c76,SP,Sao Paulo,Brazil,7,100.0,0.0,4.428571428571429,false
dc7192adf8ba09569261f4a8d576afe0,SP,Sao Paulo,Brazil,7,100.0,0.0,3.857142857142857,false
de66a66f2dd06bb9ec37aa96987466a3,RJ,Rio de Janeiro,Brazil,7,100.0,0.0,4.142857142857143,false
e58a5b390e28abc0b216cfb0e07d27d7,RJ,Rio de Janeiro,Brazil,7,100.0,0.0,4.857142857142857,false
e603cf3fec55f8697c9059638d6c8eb5,RS,Rio Grande do Sul,Brazil,7,100.0,0.0,4.571428571428571,false
e644cbadf7eeb30d0d29f335ce7d52ec,SP,Sao Paulo,Brazil,7,100.0,0.0,4.0,false
e70053bf73d1b5863932e53a9fa47496,SP,Sao Paulo,Brazil,7,100.0,0.0,4.285714285714286,false
f805b96fa705ba7995a221f1749dc141,PR,Parana,Brazil,7,100.0,0.0,4.428571428571429,false
fa14641f57b655e933124a9ea49cd7a5,SP,Sao Paulo,Brazil,7,100.0,0.0,4.571428571428571,false
fadb07c842a2aef5d5a676b85f220e71,SP,Sao Paulo,Brazil,7,100.0,0.0,4.714285714285714,false
ff1e15b778c700abdd4d239b81ac466d,PR,Parana,Brazil,7,100.0,0.0,4.571428571428571,false
ff4ea69c2a729e83e63c7579e4ef8170,SP,Sao Paulo,Brazil,7,100.0,0.0,5.0,false
0307f7565ff85b299b6e5ef162b1b1a9,SP,Sao Paulo,Brazil,6,100.0,0.0,3.5,false
0570350b23eda5444f8d1d9544932058,SP,Sao Paulo,Brazil,6,100.0,0.0,5.0,false
05feb94f19d094d4b0f9281f0b1d4c99,SP,Sao Paulo,Brazil,6,100.0,0.0,4.5,false
085f6f7e049c996695fb2074fe38d45e,SP,Sao Paulo,Brazil,6,100.0,0.0,4.0,false
08ad4ac1388e4420ca531c3edfc46198,SP,Sao Paulo,Brazil,6,100.0,0.0,2.8333333333333335,false
0bfd0b434243adc5c2e1aa6baf19c6aa,RJ,Rio de Janeiro,Brazil,6,100.0,0.0,3.6666666666666665,false
0e982cff76cc0579f632cea8a0e38c9d,SC,Santa Catarina,Brazil,6,100.0,0.0,4.333333333333333,false
152ee17e4c8aaf53dac99f3462e4999b,SC,Santa Catarina,Brazil,6,100.0,0.0,4.333333333333333,false
186cdd1b2df32caa72cfb410bba768d3,SC,Santa Catarina,Brazil,6,100.0,0.0,5.0,false
23ca5f678e0b3ea6c630b30fa8bf51ea,SP,Sao Paulo,Brazil,6,100.0,0.0,5.0,false
28405831a29823802aa22c084cfd0649,SP,Sao Paulo,Brazil,6,100.0,0.0,4.5,false
2bd05d410a8fd26dc4184a15f4f2f588,MG,Minas Gerais,Brazil,6,100.0,0.0,5.0,false
2cb6eb1b7185064167657fa09f541105,MG,Minas Gerais,Brazil,6,100.0,0.0,4.5,false
2e7ea2aafec5835e781b21d6d1faf1f1,SP,Sao Paulo,Brazil,6,100.0,0.0,4.5,false
2ea0861cc19e94cad86438c984c52da4,SP,Sao Paulo,Brazil,6,100.0,0.0,3.3333333333333335,false
3364a91ec4d56c98e44174de954b94f6,RO,Rondonia,Brazil,6,100.0,0.0,3.8333333333333335,false
365e4bce19bda0082c3d15d83fdb8bcd,SP,Sao Paulo,Brazil,6,100.0,0.0,4.666666666666667,false
3d4b1ae7539303b5704493798893e82c,SP,Sao Paulo,Brazil,6,100.0,0.0,4.833333333333333,false
5151aea44289d6c6b090ee31c2132508,SP,Sao Paulo,Brazil,6,100.0,0.0,1.8333333333333333,false
515d781150feed28a6ac091bb0e3cb8c,MS,Mato Grosso do Sul,Brazil,6,100.0,0.0,4.166666666666667,false
52092ddbd3a58c450a4459bf051b2287,SP,Sao Paulo,Brazil,6,100.0,0.0,4.333333333333333,false
52ac6f920b7280e4c6d30dd94de6259b,PR,Parana,Brazil,6,100.0,0.0,3.6666666666666665,false
52f976b17ea7f2f087f56dcc419328f6,PR,Parana,Brazil,6,100.0,0.0,3.6666666666666665,false
55c26bcb609f480eb7868594245febb5,SP,Sao Paulo,Brazil,6,100.0,0.0,4.0,false
5795aebfe331fbcd02a2c4b679fb7952,SC,Santa Catarina,Brazil,6,100.0,0.0,3.8333333333333335,false
5962468f885ea01a1b6a97a218797b0a,PR,Parana,Brazil,6,100.0,0.0,4.666666666666667,false
5d76d80a2f5f39c891b996a1bf4c9853,SP,Sao Paulo,Brazil,6,100.0,0.0,4.833333333333333,false
6750d71153f00fc58829af2a8ef1bcf1,RJ,Rio de Janeiro,Brazil,6,100.0,0.0,4.166666666666667,false
6824a69c9ea0313eba299dd4a2dba09a,MG,Minas Gerais,Brazil,6,100.0,0.0,4.666666666666667,false
6879c4d287a8dd06b11f54ea8f78e4da,SP,Sao Paulo,Brazil,6,100.0,0.0,4.333333333333333,false
71592660bbcb6a4664e97b6f8b68babc,SP,Sao Paulo,Brazil,6,100.0,0.0,4.333333333333333,false
74871d19219c7d518d0090283e03c137,SP,Sao Paulo,Brazil,6,100.0,0.0,5.0,false
777a0c55737f34ffeb78010f7542ab41,SP,Sao Paulo,Brazil,6,100.0,0.0,4.333333333333333,false
822b63912576852aea9a8436d72317b7,SP,Sao Paulo,Brazil,6,100.0,0.0,4.833333333333333,false
89ad3263c0931c47f976d7c5778e60f6,SP,Sao Paulo,Brazil,6,100.0,0.0,4.166666666666667,false
8a87611c08849ffeeccab52aa798b6c7,PR,Parana,Brazil,6,100.0,0.0,4.666666666666667,false
8b2d4ab22f42c5cfc338b846decfda60,PR,Parana,Brazil,6,100.0,0.0,4.833333333333333,false
8fbd63429be6d3e5e6d1a709b6464802,SP,Sao Paulo,Brazil,6,100.0,0.0,4.833333333333333,false
9140bd1d9de28b197dce077bdd687438,SP,Sao Paulo,Brazil,6,100.0,0.0,4.166666666666667,false
91f5779a8731baca4809fdeade81803f,RJ,Rio de Janeiro,Brazil,6,100.0,0.0,3.8333333333333335,false
9261d76c62caaf0b24677c2ceb7f8f20,SC,Santa Catarina,Brazil,6,100.0,0.0,3.8333333333333335,false
9aa388272ee334b6ae07bc73706e254a,MG,Minas Gerais,Brazil,6,100.0,0.0,4.333333333333333,false
9c1c0c36cd23c20897e473901a8fb149,SP,Sao Paulo,Brazil,6,100.0,0.0,5.0,false
9c3c24eca51c52b91c1de727d2a2ae06,RS,Rio Grande do Sul,Brazil,6,100.0,0.0,4.5,false
9ed65337433adfbedefd23dd76eaa494,SP,Sao Paulo,Brazil,6,100.0,0.0,4.833333333333333,false
9fc70243fb26800cba56e8f014797004,MG,Minas Gerais,Brazil,6,100.0,0.0,4.5,false
a08692680c77d30a0b4280da5df01c5a,SP,Sao Paulo,Brazil,6,100.0,0.0,5.0,false
a414555ce331b8c8aea4a9cb8395194d,SP,Sao Paulo,Brazil,6,100.0,0.0,3.3333333333333335,false
a5dd1946fb63ada8bcaa0c9cd8f11e22,PE,Pernambuco,Brazil,6,100.0,0.0,3.8333333333333335,false
abbf6046bbdf1028606a5bc7f00c99e7,SC,Santa Catarina,Brazil,6,100.0,0.0,4.666666666666667,false
ae7ab174effdead6c241e547e4ca13f0,PR,Parana,Brazil,6,100.0,0.0,4.333333333333333,false
b0f2a6122a90a93eb03e68653dd960e3,PR,Parana,Brazil,6,100.0,0.0,4.833333333333333,false
b1204cfda1d4948679db3cfc0d3cb95c,SP,Sao Paulo,Brazil,6,100.0,0.0,4.333333333333333,false
b29d3380981c51df13fc6fbe87e1763d,SP,Sao Paulo,Brazil,6,100.0,0.0,3.8333333333333335,false
b586cd24c010a13916af621b0325fbba,SC,Santa Catarina,Brazil,6,100.0,0.0,3.8333333333333335,false
b8a0adc91af209270c2c725168eb00fd,SP,Sao Paulo,Brazil,6,100.0,0.0,4.0,false
bdae679a9b282249bc23b9b69dae9a99,DF,Distrito Federal,Brazil,6,100.0,0.0,3.5,false
c3aad7dc65449ae90a5e9c3c6c1e78e0,SP,Sao Paulo,Brazil,6,100.0,0.0,4.666666666666667,false
c3fe93ba3085f92855c97e57f38c8c05,PR,Parana,Brazil,6,100.0,0.0,5.0,false
c70a353f02429c00775a46a75fb787da,SP,Sao Paulo,Brazil,6,100.0,0.0,4.666666666666667,false
ca77545ca4d2dfd1431bf61334e2fa3c,PR,Parana,Brazil,6,100.0,0.0,4.666666666666667,false
ca7c6bd577e559472af1c699de9e764e,SP,Sao Paulo,Brazil,6,100.0,0.0,4.333333333333333,false
d197aa8fbc64087f61984deef05f6227,SP,Sao Paulo,Brazil,6,100.0,0.0,4.833333333333333,false
d8cf3b6a2151949f930d0252b180ec42,PR,Parana,Brazil,6,100.0,0.0,3.5,false
e439f7176d763f92de325271111b2fd5,SC,Santa Catarina,Brazil,6,100.0,0.0,5.0,false
ed859002ad59dbf8cf3602696a6c3000,PR,Parana,Brazil,6,100.0,0.0,4.166666666666667,false
edc518ba25576a0188a0e8f2c3af186f,SP,Sao Paulo,Brazil,6,100.0,0.0,3.6666666666666665,false
f35becee938e982bd615edf8ef12bcfb,SP,Sao Paulo,Brazil,6,100.0,0.0,4.0,false
f8d5c7085db9a4ad2b8c1ffbeb2798c8,SP,Sao Paulo,Brazil,6,100.0,0.0,5.0,false
01ed254b9ff8407dfb9d99ba1e17d923,SP,Sao Paulo,Brazil,5,100.0,0.0,5.0,false
0791d9fc1e30678ecf03d3e55fa108d3,MG,Minas Gerais,Brazil,5,100.0,0.0,4.0,false
079d295dcbf06ee8bb1b65ba964eb2b6,SP,Sao Paulo,Brazil,5,100.0,0.0,4.6,false
09bad886111255c5b5030314fc7f1a4a,SP,Sao Paulo,Brazil,5,100.0,0.0,5.0,false
0ad80de75c811326389cfb1daba7d45e,RJ,Rio de Janeiro,Brazil,5,100.0,0.0,5.0,false
0c7f30ae9b147eca07affbef92832a6a,PR,Parana,Brazil,5,100.0,0.0,5.0,false
101a3a003516bc11253298b2fad3cb65,SP,Sao Paulo,Brazil,5,100.0,0.0,4.8,false
117cfc326c6d50da67ca858ff5c0c852,RJ,Rio de Janeiro,Brazil,5,100.0,0.0,4.6,false
11eac105f3f90a9b87b19c89d91e24f3,SP,Sao Paulo,Brazil,5,100.0,0.0,3.6,false
1b65c144b17e607c0f37f10bb7dfec8d,SC,Santa Catarina,Brazil,5,100.0,0.0,2.0,false
1cd9e0cc1839d55516843def5600816d,SP,Sao Paulo,Brazil,5,100.0,0.0,5.0,false
1e8c6a4c538f286aee9573239740a4b4,SP,Sao Paulo,Brazil,5,100.0,0.0,3.8,false
228e4c1a0be164f613d41c24345f9d2c,PR,Parana,Brazil,5,100.0,0.0,5.0,false
2528744c5ef5d955adc318720a94d2e7,SP,Sao Paulo,Brazil,5,100.0,0.0,2.4,false
253f95b3a0e6983ae18aed49fbc2b845,SP,Sao Paulo,Brazil,5,100.0,0.0,4.4,false
25debeafbce801fdd479539350185eee,SP,Sao Paulo,Brazil,5,100.0,0.0,3.0,false
270d3ef21830ad0ecf3a6c53d08a533a,SP,Sao Paulo,Brazil,5,100.0,0.0,2.6,false
29fe9f200d3fa0c668d2aa1ec7e08dfb,SC,Santa Catarina,Brazil,5,100.0,0.0,4.0,false
2b3b9ce054da76a7428df143a567b156,SP,Sao Paulo,Brazil,5,100.0,0.0,3.6,false
2f4b9d112bfa44a214bc6cef085d17c8,ES,Espirito Santo,Brazil,5,100.0,0.0,4.4,false
2fb25ab44bdbeae6a4d816e0d0c9d500,RJ,Rio de Janeiro,Brazil,5,100.0,0.0,4.8,false
31eec405c9bb71dec8e2629a92e764fa,ES,Espirito Santo,Brazil,5,100.0,0.0,4.6,false
33cbda8716511e27e556dff9d8418bf2,SC,Santa Catarina,Brazil,5,100.0,0.0,4.8,false
33dd941c27854f7625b968cc6195a552,ES,Espirito Santo,Brazil,5,100.0,0.0,4.4,false
38af8acfd46ac4a7bf754e8ca6736664,SP,Sao Paulo,Brazil,5,100.0,0.0,4.8,false
392353362d22cc2c236e1ee81ff19890,SC,Santa Catarina,Brazil,5,100.0,0.0,4.6,false
3a4127e1ba7208ea37044c5092aae170,SP,Sao Paulo,Brazil,5,100.0,0.0,4.0,false
3cfa1358a6caa965278721344c8d76f2,SP,Sao Paulo,Brazil,5,100.0,0.0,4.8,false
41e0fa5761c886a630994a55c12087e7,SP,Sao Paulo,Brazil,5,100.0,0.0,5.0,false
4221a7df464f1fe2955934e30ff3a5a1,BA,Bahia,Brazil,5,100.0,0.0,4.8,false
499ec63c58e51296c9cf57edcfe1c8a8,SP,Sao Paulo,Brazil,5,100.0,0.0,4.8,false
49cdc90518a4f82676b38b3c1aa43ff6,SP,Sao Paulo,Brazil,5,100.0,0.0,3.8,false
4bcec44888b30ba9001234c534716d3f,SP,Sao Paulo,Brazil,5,100.0,0.0,4.6,false
4c1c7281388a33dd06daac44f9fadbd1,SP,Sao Paulo,Brazil,5,100.0,0.0,4.8,false
4d232b78ab7ef10393dc3807d827bc0d,MG,Minas Gerais,Brazil,5,100.0,0.0,4.4,false
534a01cc6df1e034e05c32028a291fa2,SP,Sao Paulo,Brazil,5,100.0,0.0,4.4,false
53b0300ca793f9834cd69c0678d35ee8,SP,Sao Paulo,Brazil,5,100.0,0.0,5.0,false
54219883e72aad869adfb2a54b7bfa0f,SP,Sao Paulo,Brazil,5,100.0,0.0,3.2,false
5566627eab3fe93fd6ee08798226101a,PR,Parana,Brazil,5,100.0,0.0,4.4,false
5721089ba9214e80074f27d5a03fc0eb,SP,Sao Paulo,Brazil,5,100.0,0.0,5.0,false
57df9869a600bd6b7c405f2a862eccfb,MG,Minas Gerais,Brazil,5,100.0,0.0,4.4,false
5dc203c7b84a0e71e878a179de05fb9a,SP,Sao Paulo,Brazil,5,100.0,0.0,4.0,false
5def4c3732941a971cba8fdee992ede1,SP,Sao Paulo,Brazil,5,100.0,0.0,4.6,false
606ce7768feac12c5e8bd58db8b08f0f,SP,Sao Paulo,Brazil,5,100.0,0.0,4.8,false
63b9ae557efed31d1f7687917d248a8d,SP,Sao Paulo,Brazil,5,100.0,0.0,4.2,false
68ca56ce86830f3d31b1b7ec6a54da3e,PR,Parana,Brazil,5,100.0,0.0,4.0,false
6c6e3d67f969468f3bfd33f827a31222,PR,Parana,Brazil,5,100.0,0.0,4.8,false
6e13dd869aa7185f601c941423abcc8f,SP,Sao Paulo,Brazil,5,100.0,0.0,4.8,false
6e4f5ff6b086632ba8dcb558fb10249e,RS,Rio Grande do Sul,Brazil,5,100.0,0.0,3.4,false
70f84699be677ec988d1fa824aef7d90,MG,Minas Gerais,Brazil,5,100.0,0.0,4.6,false
725af026f869236a8dd0ceb98564d156,MG,Minas Gerais,Brazil,5,100.0,0.0,4.4,false
75a4764c108403a7a0575140cb22287c,RS,Rio Grande do Sul,Brazil,5,100.0,0.0,4.6,false
762fafdaa57a532ee0119731697579dd,SP,Sao Paulo,Brazil,5,100.0,0.0,5.0,false
7994b065a7ffb14e71c6312cf87b9de2,ES,Espirito Santo,Brazil,5,100.0,0.0,5.0,false
7a9c12e235c36247c3c81f50d6ea9cea,SP,Sao Paulo,Brazil,5,100.0,0.0,4.6,false
7aa538dd6e114e503a2e6154ea352253,SP,Sao Paulo,Brazil,5,100.0,0.0,4.4,false
7d294cf9a6a69dc6a0c3e540fff0e039,SC,Santa Catarina,Brazil,5,100.0,0.0,4.4,false
7d7866a99a8656a42c7ff6352a433410,SP,Sao Paulo,Brazil,5,100.0,0.0,4.4,false
7df1fc11cc5cbc518b39faa60cf5d67c,MS,Mato Grosso do Sul,Brazil,5,100.0,0.0,4.2,false
7f35f9daf223da737b78738fbae4d977,SP,Sao Paulo,Brazil,5,100.0,0.0,4.0,false
8060d731897e33b5c5ae575ce1e209e1,SP,Sao Paulo,Brazil,5,100.0,0.0,4.8,false
866558b3bccef2dbc6d29a2b5995016f,PR,Parana,Brazil,5,100.0,0.0,4.8,false
883dd81e82754ac2c65e9790a7db8c9a,PR,Parana,Brazil,5,100.0,0.0,4.4,false
89c127985a8b130cfa45c1d36764017a,SP,Sao Paulo,Brazil,5,100.0,0.0,3.4,false
8fb791022c1fc8909664f48ab7dc636d,SP,Sao Paulo,Brazil,5,100.0,0.0,4.2,false
8fe8786ee000001ab51d030dfd4a7bf1,SC,Santa Catarina,Brazil,5,100.0,0.0,4.6,false
901b460cdce0c64e471230d7f2f9f3a3,RS,Rio Grande do Sul,Brazil,5,100.0,0.0,4.4,false
94ca168e8bcb407ab85c5da308863027,SP,Sao Paulo,Brazil,5,100.0,0.0,5.0,false
97e4a63591ca439a2b8b7efd20e6e19e,RJ,Rio de Janeiro,Brazil,5,100.0,0.0,4.4,false
97e995629983723d11830a829bc2b246,SP,Sao Paulo,Brazil,5,100.0,0.0,4.8,false
9ac4f14370b1e24ddc58be041b7f99df,GO,Goias,Brazil,5,100.0,0.0,4.4,false
a37c340b91cb0169e8b029db6440fba2,SP,Sao Paulo,Brazil,5,100.0,0.0,4.8,false
a72c2f59332659e361d647515c698798,RS,Rio Grande do Sul,Brazil,5,100.0,0.0,4.8,false
a7c88262832dfc683781d6a421edefae,SP,Sao Paulo,Brazil,5,100.0,0.0,4.2,false
a806a4bb063ea7ca6d374eafa50a6058,ES,Espirito Santo,Brazil,5,100.0,0.0,4.0,false
aae5e7b457a3c72ee230a47d98fceda5,PR,Parana,Brazil,5,100.0,0.0,4.2,false
ad87df7699e83b8a91822a4a0b765c3a,SP,Sao Paulo,Brazil,5,100.0,0.0,4.0,false
b76a1f8356322f12529c37b67d5c96c2,SP,Sao Paulo,Brazil,5,100.0,0.0,4.8,false
b7cc6c5e001441ae8cdd5c69a480cbe4,SC,Santa Catarina,Brazil,5,100.0,0.0,4.6,false
ba6b68b55fe8704377a7d43c8e5c0185,MG,Minas Gerais,Brazil,5,100.0,0.0,4.2,false
bb2afe2061d53c6968aa0cffa233a8ec,SP,Sao Paulo,Brazil,5,100.0,0.0,4.8,false
bdf0d02d36a1d839d0c39c4a887cdd49,SP,Sao Paulo,Brazil,5,100.0,0.0,5.0,false
be9a160a9011f627c3e121d076c1ec7b,SC,Santa Catarina,Brazil,5,100.0,0.0,4.6,false
bff9deb0ec77d437f3305a79cf25529e,SP,Sao Paulo,Brazil,5,100.0,0.0,4.0,false
c0f783394e37cd9c9d7f5f81141450fa,SP,Sao Paulo,Brazil,5,100.0,0.0,3.6,false
c4f7fee5b0db50e87766f5a4d1b1b758,SP,Sao Paulo,Brazil,5,100.0,0.0,4.0,false
c53bcd3be457a342a97e39e5a9f0be22,SE,Sergipe,Brazil,5,100.0,0.0,3.2,false
cd843d4cf8ef32827de0396605163ba3,MG,Minas Gerais,Brazil,5,100.0,0.0,3.8,false
debe6615cd90cc0c2eac2b8988e1f628,SP,Sao Paulo,Brazil,5,100.0,0.0,4.6,false
df47da4ae86fa4db890d05aaf24e21d8,SP,Sao Paulo,Brazil,5,100.0,0.0,4.2,false
e2a1ac9bf33e5549a2a4f834e70df2f8,SP,Sao Paulo,Brazil,5,100.0,0.0,4.8,false
ef9952469137ff190bacafe117f51537,MG,Minas Gerais,Brazil,5,100.0,0.0,4.8,false
efff9341f3f8f5237b44ff67ed36a7bf,ES,Espirito Santo,Brazil,5,100.0,0.0,4.4,false
f021c962aaba8ef6eb527a9c2c8394d1,SC,Santa Catarina,Brazil,5,100.0,0.0,4.2,false
f626e15b7314c267e4429010866f70e9,SP,Sao Paulo,Brazil,5,100.0,0.0,3.8,false
fac35d150712afb921ec59ac5f39bb11,MG,Minas Gerais,Brazil,5,100.0,0.0,4.4,false
fc38b5dceee1a730fad8853453437fbd,SP,Sao Paulo,Brazil,5,100.0,0.0,4.6,false
fc59392d66ef99377e50356ee4f3b4e1,BA,Bahia,Brazil,5,100.0,0.0,3.6,false
02b72cdeb9cfcc429f1af6f4e3f3b737,SP,Sao Paulo,Brazil,4,100.0,0.0,4.75,false
05730013efda596306417c3b09302475,SC,Santa Catarina,Brazil,4,100.0,0.0,5.0,false
0743a0239d764b9a0f959a57d07e36ab,SP,Sao Paulo,Brazil,4,100.0,0.0,4.75,false
077c5fae4bea9500e3737b16f71b9d3a,SP,Sao Paulo,Brazil,4,100.0,0.0,4.5,false
0aa2205ca24f113f4658a5c536667426,SP,Sao Paulo,Brazil,4,100.0,0.0,4.0,false
0b64bcdb0784abc139af04077d49a20e,RS,Rio Grande do Sul,Brazil,4,100.0,0.0,4.75,false
10264f60a8f0a4d2f30810f5c661c673,SP,Sao Paulo,Brazil,4,100.0,0.0,5.0,false
119d1aef1b4144adba89163f6cd9f5d4,SP,Sao Paulo,Brazil,4,100.0,0.0,4.75,false
120476eb7a04c149d14772edaf5d9bf2,RJ,Rio de Janeiro,Brazil,4,100.0,0.0,4.25,false
131fcb0a0c9a47bba4474aacff0f14b7,SP,Sao Paulo,Brazil,4,100.0,0.0,4.0,false
160e4f13fd3a64b1b86807be88b5ffb0,PR,Parana,Brazil,4,100.0,0.0,4.25,false
189ca3538ce9f920cacf0f982cbe223b,SP,Sao Paulo,Brazil,4,100.0,0.0,4.25,false
19e0f40a907ec568c34bfac15de4f4a1,SP,Sao Paulo,Brazil,4,100.0,0.0,5.0,false
21c62b998a043ebe31161d38f84929fc,CE,Ceara,Brazil,4,100.0,0.0,4.5,false
22c32ec35d0116ef02c281798a25bf8b,PR,Parana,Brazil,4,100.0,0.0,3.75,false
2493dc3f20131696a0ecdb9948051a8d,DF,Distrito Federal,Brazil,4,100.0,0.0,4.75,false
262237171f48e85819065498cac80d7b,SC,Santa Catarina,Brazil,4,100.0,0.0,4.25,false
269cff2d3c8d205c11f37a52402ea93b,SP,Sao Paulo,Brazil,4,100.0,0.0,4.5,false
26e13b6ff5b641b329e5524241ee2c93,SP,Sao Paulo,Brazil,4,100.0,0.0,4.0,false
29e6e05b65f93bc224c644319dc52ecf,MG,Minas Gerais,Brazil,4,100.0,0.0,4.75,false
2ee0a0689f2f6a72f35a7cb6033f6e7e,SP,Sao Paulo,Brazil,4,100.0,0.0,4.0,false
33ab10be054370c254ddfcf0a6253422,RJ,Rio de Janeiro,Brazil,4,100.0,0.0,5.0,false
34a557286ead8fe75c989e0afcf7d98c,SP,Sao Paulo,Brazil,4,100.0,0.0,4.75,false
353e21e8bf8de2722b4fae1636664b76,RS,Rio Grande do Sul,Brazil,4,100.0,0.0,2.5,false
35ef5aa32949680f627efec3c23e705c,SC,Santa Catarina,Brazil,4,100.0,0.0,3.75,false
365e445f796710c3431557e85caa25db,SP,Sao Paulo,Brazil,4,100.0,0.0,4.5,false
385799a1cddbd26dfeb9157356a42282,SP,Sao Paulo,Brazil,4,100.0,0.0,4.75,false
3be5841cdcc46de4ed3f9116f104b2c5,SP,Sao Paulo,Brazil,4,100.0,0.0,4.75,false
3bfba5a77604f6dfae7e6dd7aaf65821,PR,Parana,Brazil,4,100.0,0.0,5.0,false
3d01d1c414c44b5943a09619ff3853cb,SP,Sao Paulo,Brazil,4,100.0,0.0,4.5,false
43402bdf22aa2310e8f99e2f94f78628,SP,Sao Paulo,Brazil,4,100.0,0.0,2.5,false
45c20d94d9171b0bcfab3c955e47d67b,SP,Sao Paulo,Brazil,4,100.0,0.0,4.5,false
4a82168aaef173cbb6e46ae88728f919,PR,Parana,Brazil,4,100.0,0.0,4.0,false
4b39558c138930b9e5489c93b6df5fe3,SE,Sergipe,Brazil,4,100.0,0.0,4.5,false
4c8545742faaf58fafd5fd14d25d75cf,SP,Sao Paulo,Brazil,4,100.0,0.0,4.5,false
4dbd95a08b31ede5c82d3f861cb1ce1a,PR,Parana,Brazil,4,100.0,0.0,4.75,false
4ea2f12dbe91deeacd2c1e74f069a6e6,SP,Sao Paulo,Brazil,4,100.0,0.0,4.75,false
5145090ab595c0d0b8557199f5701fbf,PR,Parana,Brazil,4,100.0,0.0,4.25,false
5194c22ed1f616ec0c0f33c571542879,MG,Minas Gerais,Brazil,4,100.0,0.0,4.25,false
556a6409838156ea299c9d1f9e2dde43,PR,Parana,Brazil,4,100.0,0.0,3.25,false
5f0057b677eb963672bf05dfa3f16c34,SP,Sao Paulo,Brazil,4,100.0,0.0,5.0,false
5f06030071324cc52bf0304014ac7234,SP,Sao Paulo,Brazil,4,100.0,0.0,4.0,false
61b18775be84fb700a6b2d0ba097bf66,SP,Sao Paulo,Brazil,4,100.0,0.0,4.75,false
661ad5fcc28cdfb8bcadb12bb2272475,SC,Santa Catarina,Brazil,4,100.0,0.0,5.0,false
698f5fa55a5f73d0740e9d9a773e8093,RJ,Rio de Janeiro,Brazil,4,100.0,0.0,4.75,false
6bb62a4912377c7bfe7cb17b406bc7e6,SP,Sao Paulo,Brazil,4,100.0,0.0,4.25,false
6c17baf138731a4aaacc3210adf2037b,SP,Sao Paulo,Brazil,4,100.0,0.0,5.0,false
6c1b6d0c604b776f844125f911eb7377,SP,Sao Paulo,Brazil,4,100.0,0.0,4.0,false
6d1b9c9579132c87d2703ec38c30f2c5,PR,Parana,Brazil,4,100.0,0.0,4.5,false
713e3a23ca5e47786eb6f0d99f94cfac,PR,Parana,Brazil,4,100.0,0.0,4.75,false
71dc18fd8cbf5fd77f45dd8b427abb34,PR,Parana,Brazil,4,100.0,0.0,5.0,false
72c38a04bd6a1c3dbc5298425a0db86d,PR,Parana,Brazil,4,100.0,0.0,3.75,false
74c7dec0a384d8a05950e629bd23bde9,SP,Sao Paulo,Brazil,4,100.0,0.0,4.25,false
77714512e8d4dda9c234da8e3faf16e4,SP,Sao Paulo,Brazil,4,100.0,0.0,4.25,false
7c51de0ab286204ce75ff42bf7c10d92,SC,Santa Catarina,Brazil,4,100.0,0.0,4.5,false
7d948535954aaf8c5d39db007f74372e,SP,Sao Paulo,Brazil,4,100.0,0.0,3.75,false
7e79d65b5c6f1f544b7daea036acf720,SP,Sao Paulo,Brazil,4,100.0,0.0,4.5,false
85044848b1b767db2a4a58526adef4b4,SP,Sao Paulo,Brazil,4,100.0,0.0,3.25,false
86bf77bdb52e615674772d5817c6212f,RS,Rio Grande do Sul,Brazil,4,100.0,0.0,4.75,false
8dfbc5ff27df12f6cef751d3b9554222,PR,Parana,Brazil,4,100.0,0.0,4.5,false
90b36c5aeb728d5504a39f435bef0c5f,SP,Sao Paulo,Brazil,4,100.0,0.0,5.0,false
91543f9849d68d023e17194926598543,SC,Santa Catarina,Brazil,4,100.0,0.0,4.5,false
918717417d88a9f9ae9735567e6c7682,SP,Sao Paulo,Brazil,4,100.0,0.0,5.0,false
929f342384a6607afe143d789ade1316,PR,Parana,Brazil,4,100.0,0.0,5.0,false
939e6227d6964a11a70aa91243e418f2,MG,Minas Gerais,Brazil,4,100.0,0.0,4.25,false
98115075dd26cb8835946fc6086f5d30,SP,Sao Paulo,Brazil,4,100.0,0.0,4.75,false
9cea4682e16655f7da87f406902e989e,PR,Parana,Brazil,4,100.0,0.0,4.0,false
9cf787a239c1aa29dbd76f153dc13f9a,SP,Sao Paulo,Brazil,4,100.0,0.0,4.75,false
9dc79dd988ac42f4d56c340d7048420a,SP,Sao Paulo,Brazil,4,100.0,0.0,4.75,false
a080fc8a850289b27500f6b49cca2553,SP,Sao Paulo,Brazil,4,100.0,0.0,4.75,false
a0a14e50070f3225b3eabba5b85da517,PR,Parana,Brazil,4,100.0,0.0,4.5,false
a218df5c097b0ca409cfaac1488cc7f6,SP,Sao Paulo,Brazil,4,100.0,0.0,2.75,false
a35124e2d763d7ca3fbe3b97d143200f,SP,Sao Paulo,Brazil,4,100.0,0.0,4.75,false
a4bd6e9adf39b63f43dc545d3ca1f53d,RJ,Rio de Janeiro,Brazil,4,100.0,0.0,4.5,false
a5bff0f43eb51f0cad7c37fac7244c8a,SP,Sao Paulo,Brazil,4,100.0,0.0,4.75,false
a9b533a26e898b12e8b8d4c07279bf4d,RJ,Rio de Janeiro,Brazil,4,100.0,0.0,5.0,false
ab9db4cf53b08b828b64dccaafc2d9f0,RS,Rio Grande do Sul,Brazil,4,100.0,0.0,5.0,false
acf974e4d5950ad143a247471b831eb9,RS,Rio Grande do Sul,Brazil,4,100.0,0.0,4.75,false
adbe70ab2c97442046d393988c8d1d27,SP,Sao Paulo,Brazil,4,100.0,0.0,5.0,false
aded58c8142dedc5494a81f948431fab,RJ,Rio de Janeiro,Brazil,4,100.0,0.0,3.75,false
b01c2b7b8599b325103ebcddc67413e1,RS,Rio Grande do Sul,Brazil,4,100.0,0.0,4.75,false
b0398568231ba5e6734af1881671a317,ES,Espirito Santo,Brazil,4,100.0,0.0,4.0,false
b44dbfbf62e52125f3c15d230569ea91,SP,Sao Paulo,Brazil,4,100.0,0.0,4.75,false
b88e7c57cb2d8b973b7dd4a2bfa14b36,PR,Parana,Brazil,4,100.0,0.0,4.25,false
bd0a1b0aadca9a83d9304f7e8ff5fbd5,SP,Sao Paulo,Brazil,4,100.0,0.0,4.5,false
bf961104a38e01b9062ee026bb657dee,SP,Sao Paulo,Brazil,4,100.0,0.0,4.5,false
bfd938b22bc99bce1ae60dc602889f52,RJ,Rio de Janeiro,Brazil,4,100.0,0.0,5.0,false
c0aff2da32c17759d30b22fb0af6649d,SC,Santa Catarina,Brazil,4,100.0,0.0,3.75,false
c458e2045a8aa8964f8879af03fdcce6,SP,Sao Paulo,Brazil,4,100.0,0.0,2.75,false
c714262700f93defc16bf17a51a4cb23,SP,Sao Paulo,Brazil,4,100.0,0.0,3.75,false
c7bb64409aa480bb7d0335faaaf3d242,SC,Santa Catarina,Brazil,4,100.0,0.0,2.25,false
c9e5ad1f6647f5dbd1172adf6ae3cada,RS,Rio Grande do Sul,Brazil,4,100.0,0.0,4.75,false
cb5ff1b9715e99589f3e0c7a6afab9e3,PR,Parana,Brazil,4,100.0,0.0,4.0,false
d79e8478eed9999493990b44955fb22e,RJ,Rio de Janeiro,Brazil,4,100.0,0.0,4.0,false
d9d43faf741ceaa8da52fdbb81d9e0e3,SP,Sao Paulo,Brazil,4,100.0,0.0,4.0,false
da03c298e3999e9d828591fc2179d109,SP,Sao Paulo,Brazil,4,100.0,0.0,4.75,false
dbbcfe2c8d026742134ac3e28ccde274,PR,Parana,Brazil,4,100.0,0.0,4.0,false
dc50afafdfa325eadc890c7fa42a8f4e,PR,Parana,Brazil,4,100.0,0.0,4.75,false
dc64d75cc406bb0697be983831430e60,MG,Minas Gerais,Brazil,4,100.0,0.0,4.75,false
e51f22821f0c12a16ad5c020cdcd55e9,SP,Sao Paulo,Brazil,4,100.0,0.0,4.75,false
e53d5b9b29d1218281f4a907ada18626,PR,Parana,Brazil,4,100.0,0.0,4.75,false
e5c84227854980f1db19a58958c551d9,PR,Parana,Brazil,4,100.0,0.0,4.75,false
e73bf2cea7fe4b0b4d287a7568ed1099,SC,Santa Catarina,Brazil,4,100.0,0.0,5.0,false
ed46f1eb4a638113deb2a1137b5f22e9,SC,Santa Catarina,Brazil,4,100.0,0.0,4.0,false
eec3469d83e142f9a104886655338c37,SP,Sao Paulo,Brazil,4,100.0,0.0,4.5,false
f2336e113377dd21c744d9c4fc8293a9,SP,Sao Paulo,Brazil,4,100.0,0.0,4.25,false
f4ce8ca9fa7157e3b33f536ac9a4487d,SP,Sao Paulo,Brazil,4,100.0,0.0,4.75,false
f650a9708fa1bab22bdd8d3a818cc415,SC,Santa Catarina,Brazil,4,100.0,0.0,4.0,false
fc908879b9ca1bd65419e54e50432d38,SP,Sao Paulo,Brazil,4,100.0,0.0,5.0,false
fec8cd45395b3cb0c2b173d7739706a1,SP,Sao Paulo,Brazil,4,100.0,0.0,3.75,false
ff82e8873fba613f2261a9acc896fd84,MG,Minas Gerais,Brazil,4,100.0,0.0,3.5,false
0015a82c2db000af6aaaf3ae2ecb0532,SP,Sao Paulo,Brazil,3,100.0,0.0,3.6666666666666665,false
01266d4c46afa519678d16a8b683d325,PR,Parana,Brazil,3,100.0,0.0,5.0,false
044668ccd5316b12a7cf0d54a156e3e9,SP,Sao Paulo,Brazil,3,100.0,0.0,5.0,false
0761743cbffb25d7148189e9f1a5f03a,SP,Sao Paulo,Brazil,3,100.0,0.0,4.666666666666667,false
08f5819815f3d06545011850bd70f0a8,SP,Sao Paulo,Brazil,3,100.0,0.0,4.666666666666667,false
0b0ddbc7b9d9584f442c7ac92b0ff6c9,SP,Sao Paulo,Brazil,3,100.0,0.0,4.666666666666667,false
0cab2da43793a6f3c5ed8514c5f54627,PR,Parana,Brazil,3,100.0,0.0,5.0,false
0d4c8269e7f0401201794deef160edd6,SP,Sao Paulo,Brazil,3,100.0,0.0,3.6666666666666665,false
0e72c1a751b496722a6cb1f10653b62a,SP,Sao Paulo,Brazil,3,100.0,0.0,4.666666666666667,false
0ec28cec4046a4a199b6de9b4c891d97,GO,Goias,Brazil,3,100.0,0.0,5.0,false
0f7eea709efdf942b5f95c7516dbacd7,SP,Sao Paulo,Brazil,3,100.0,0.0,4.0,false
0fe2d9733ed841eb064503920015a8c0,SP,Sao Paulo,Brazil,3,100.0,0.0,4.666666666666667,false
10089e9f2fd0c668a8fd4e52e1698888,SP,Sao Paulo,Brazil,3,100.0,0.0,4.333333333333333,false
10cdd491d1dbea8fb4ead97b19c334ce,MG,Minas Gerais,Brazil,3,100.0,0.0,5.0,false
11d4c477d09821164bca4f70a2eae031,SP,Sao Paulo,Brazil,3,100.0,0.0,5.0,false
11fb6f6d341adbe19e81733701704635,SP,Sao Paulo,Brazil,3,100.0,0.0,5.0,false
1284de4ae8aa26997e748c851557cf0e,SP,Sao Paulo,Brazil,3,100.0,0.0,2.6666666666666665,false
134285d1f41da5c13a756ee8142c8a4e,SP,Sao Paulo,Brazil,3,100.0,0.0,3.3333333333333335,false
1588ac4010787100dddef64568f0ae35,PR,Parana,Brazil,3,100.0,0.0,3.0,false
184725737946a1a938bbbd1a9e978103,SP,Sao Paulo,Brazil,3,100.0,0.0,4.666666666666667,false
1bc2e21de46adfea6b98cc96b00f3b40,SC,Santa Catarina,Brazil,3,100.0,0.0,3.3333333333333335,false
1c56ffe0e9dea2657fc6e95b53f40b13,SP,Sao Paulo,Brazil,3,100.0,0.0,4.333333333333333,false
1e47defeeadeca0e9a18fa5a9311e735,SP,Sao Paulo,Brazil,3,100.0,0.0,5.0,false
1f7fd2a6fcd5a6fa5d8a4dabc72aaae0,RS,Rio Grande do Sul,Brazil,3,100.0,0.0,5.0,false
2063dd1b9f568df1c16741ea7d3e6adb,PR,Parana,Brazil,3,100.0,0.0,5.0,false
2075d8cd4dd63ff12df0749a5866bb06,PR,Parana,Brazil,3,100.0,0.0,5.0,false
20a7efa9721046319bdde5d60b6b5365,SP,Sao Paulo,Brazil,3,100.0,0.0,5.0,false
213fafb0ca06fb3d5886579c2565791b,MG,Minas Gerais,Brazil,3,100.0,0.0,2.3333333333333335,false
2305ab43e846518f58dd9d59f3f54e96,SP,Sao Paulo,Brazil,3,100.0,0.0,3.6666666666666665,false
249f0e9905a6e06ad6c6bea7547ab9f6,RJ,Rio de Janeiro,Brazil,3,100.0,0.0,3.6666666666666665,false
252e76235acb79183cfca6e34f13337d,SP,Sao Paulo,Brazil,3,100.0,0.0,3.3333333333333335,false
25be943a321c8938947bdaabca979a90,SP,Sao Paulo,Brazil,3,100.0,0.0,4.333333333333333,false
26b482dccfa29bd2e40703ba45523702,SP,Sao Paulo,Brazil,3,100.0,0.0,5.0,false
28c7d8743fbc8679f484868cc0fcaefb,SP,Sao Paulo,Brazil,3,100.0,0.0,5.0,false
2a7c6c0b0d5efde2bf75ec1e1cec2d41,PR,Parana,Brazil,3,100.0,0.0,3.3333333333333335,false
2b2fed75b8e5ea3a052fc4c0825da485,MG,Minas Gerais,Brazil,3,100.0,0.0,5.0,false
2c43fb513632d29b3b58df74816f1b06,MG,Minas Gerais,Brazil,3,100.0,0.0,3.6666666666666665,false
2d22fc3089eb907b29ebff50581fb472,RJ,Rio de Janeiro,Brazil,3,100.0,0.0,3.6666666666666665,false
2dd1fb6f0e42a2243b8a01e40cd41216,PR,Parana,Brazil,3,100.0,0.0,3.6666666666666665,false
2eeb6531ee027a48d401e72bebdd87d3,SP,Sao Paulo,Brazil,3,100.0,0.0,4.333333333333333,false
2f73e04d12cdf0c945ded66bb3fcf6c7,ES,Espirito Santo,Brazil,3,100.0,0.0,3.3333333333333335,false
340636a908b13bbe0f4fb63fbe1d0c03,SP,Sao Paulo,Brazil,3,100.0,0.0,5.0,false
39a5005f2605cbdb4f9ac14485cabfd1,SP,Sao Paulo,Brazil,3,100.0,0.0,5.0,false
39f776d2974049026ff531fc42ef2a3e,GO,Goias,Brazil,3,100.0,0.0,3.6666666666666665,false
3d290fe363c60a77498c1126fd3fb8d3,SP,Sao Paulo,Brazil,3,100.0,0.0,4.333333333333333,false
3d49bfdd1b43a7fe169b3740067acc61,MG,Minas Gerais,Brazil,3,100.0,0.0,4.666666666666667,false
3f84fefc07dc159b268d4a77d3e8c425,PR,Parana,Brazil,3,100.0,0.0,5.0,false
3fadb4cba4c35bce6a7eaf9872d5623a,RS,Rio Grande do Sul,Brazil,3,100.0,0.0,3.3333333333333335,false
41c9d3997dd3c072c31139dc5bb5761f,MG,Minas Gerais,Brazil,3,100.0,0.0,4.333333333333333,false
4391ea5c5990502176a1dcda44a2373d,RS,Rio Grande do Sul,Brazil,3,100.0,0.0,4.666666666666667,false
446cc09cdbb130904da114e807dbec40,SP,Sao Paulo,Brazil,3,100.0,0.0,4.666666666666667,false
461ff5303b6c9c1a4a07f40c5aece516,PR,Parana,Brazil,3,100.0,0.0,3.6666666666666665,false
478bfe564db21eeb44386606aa30b650,MG,Minas Gerais,Brazil,3,100.0,0.0,4.666666666666667,false
485452467ff670447e84a8370c3fc898,SC,Santa Catarina,Brazil,3,100.0,0.0,4.666666666666667,false
4a23adac87cf538689fa600d976f78b2,SP,Sao Paulo,Brazil,3,100.0,0.0,4.333333333333333,false
4a82c4af97ffc0fb2dc26bfdc03b1842,MG,Minas Gerais,Brazil,3,100.0,0.0,5.0,false
4e326052e5dbba8adcd512f3450a307e,SP,Sao Paulo,Brazil,3,100.0,0.0,2.3333333333333335,false
4e6015589b781adaa5ce7f1892d06bb1,SP,Sao Paulo,Brazil,3,100.0,0.0,3.6666666666666665,false
519a7aa428f18d125a283cf8c014fdd6,SC,Santa Catarina,Brazil,3,100.0,0.0,4.0,false
51f108f62cb87d61918159902c8f8583,PR,Parana,Brazil,3,100.0,0.0,4.333333333333333,false
52454f90d4c30c016768db02f88c1a74,SP,Sao Paulo,Brazil,3,100.0,0.0,3.6666666666666665,false
53088c75f948b48a7ece173ac17f0c12,RS,Rio Grande do Sul,Brazil,3,100.0,0.0,5.0,false
56f413900b5166ab4d730e9ac0b12cb0,SP,Sao Paulo,Brazil,3,100.0,0.0,4.666666666666667,false
5741dc2bf5044c34d0698681c5081bed,SP,Sao Paulo,Brazil,3,100.0,0.0,5.0,false
5bf397d04035b5f45cc41e82ec106803,SP,Sao Paulo,Brazil,3,100.0,0.0,4.333333333333333,false
5f5a58930c3c35f3b5af264f34fb8c85,SP,Sao Paulo,Brazil,3,100.0,0.0,5.0,false
626ab1cd96932367f0eeec2e47046c12,SP,Sao Paulo,Brazil,3,100.0,0.0,4.666666666666667,false
6548c2550b6e2d8f18053216e1c7b6f3,SP,Sao Paulo,Brazil,3,100.0,0.0,5.0,false
657969cca82e884d272385ec0ef06edd,RS,Rio Grande do Sul,Brazil,3,100.0,0.0,4.666666666666667,false
65a7c0788e4d632ccb5e1b594b87f0bb,SP,Sao Paulo,Brazil,3,100.0,0.0,4.333333333333333,false
6ba4733aa33f6386e9fb0c0fd3993b38,RS,Rio Grande do Sul,Brazil,3,100.0,0.0,4.666666666666667,false
6bb66d9870c2e01c05655c7ed0e7ee13,SP,Sao Paulo,Brazil,3,100.0,0.0,3.6666666666666665,false
6d2f2e3b539480db1e0842b3a4e32e6e,SP,Sao Paulo,Brazil,3,100.0,0.0,3.6666666666666665,false
6d7f8d9d594e28796b6b3205b00f459c,PR,Parana,Brazil,3,100.0,0.0,3.6666666666666665,false
6eeed17989b0ae47c9f11ece6f38ea90,SP,Sao Paulo,Brazil,3,100.0,0.0,3.6666666666666665,false
6fa9202c10491e472dffd59a3e82b2a3,SP,Sao Paulo,Brazil,3,100.0,0.0,4.333333333333333,false
70126eecc6aa1274392a1743866e9678,SP,Sao Paulo,Brazil,3,100.0,0.0,5.0,false
7238f877570096ae403c51898fa64566,SP,Sao Paulo,Brazil,3,100.0,0.0,5.0,false
7402d13c03a7e91366337cd1de471144,PR,Parana,Brazil,3,100.0,0.0,4.333333333333333,false
747e73c01a4593d4cf60dcf970fd2689,PE,Pernambuco,Brazil,3,100.0,0.0,4.333333333333333,false
74bafed391319577bce6f4d2acc0589a,SP,Sao Paulo,Brazil,3,100.0,0.0,2.6666666666666665,false
75745ef7bc7d4f3ea3380f6f5303f514,DF,Distrito Federal,Brazil,3,100.0,0.0,5.0,false
761681a821d8275bc79f552116d06869,SP,Sao Paulo,Brazil,3,100.0,0.0,5.0,false
762ed976527cddf02787edba70fffa2a,PR,Parana,Brazil,3,100.0,0.0,2.3333333333333335,false
76623fde66e6b63b59440fd34160512d,SP,Sao Paulo,Brazil,3,100.0,0.0,4.0,false
778323240ce2830d68aab11794e00bfb,SP,Sao Paulo,Brazil,3,100.0,0.0,4.333333333333333,false
78ef7e885d17f35e2382a47aae8b8cce,RS,Rio Grande do Sul,Brazil,3,100.0,0.0,4.666666666666667,false
7adbd3210a7b3cc2235e225eef33574d,SP,Sao Paulo,Brazil,3,100.0,0.0,4.666666666666667,false
7c9130f5f3729edd32aa059141d92484,SP,Sao Paulo,Brazil,3,100.0,0.0,3.3333333333333335,false
7f5e4d5efad7e44b91115dd1decb65f3,SP,Sao Paulo,Brazil,3,100.0,0.0,5.0,false
800214c63934acd05d47e84214db8ba8,SC,Santa Catarina,Brazil,3,100.0,0.0,5.0,false
809413606dbfe5deefd2db646693ef67,SP,Sao Paulo,Brazil,3,100.0,0.0,4.333333333333333,false
818d28f936e791926d33bcb6ee94ef79,SP,Sao Paulo,Brazil,3,100.0,0.0,4.0,false
83a75eea11694e36e56dd0cb2240229a,SP,Sao Paulo,Brazil,3,100.0,0.0,5.0,false
83c465a786b06574376909b35ef6752a,SP,Sao Paulo,Brazil,3,100.0,0.0,5.0,false
876182d1918783bbe15233febfbd4926,SP,Sao Paulo,Brazil,3,100.0,0.0,4.0,false
8a43128d7f9a3db592b866e6861a6cce,SP,Sao Paulo,Brazil,3,100.0,0.0,2.3333333333333335,false
8ca5b19e0263150d2c57afdde2b3d011,SP,Sao Paulo,Brazil,3,100.0,0.0,4.666666666666667,false
902c99f1ac505c0d18778b61bcd636f7,SP,Sao Paulo,Brazil,3,100.0,0.0,5.0,false
939f6e231201f26803cb5c3a3d2940b3,SP,Sao Paulo,Brazil,3,100.0,0.0,4.666666666666667,false
941554c5757b73ba0e50aa7732310afc,SP,Sao Paulo,Brazil,3,100.0,0.0,4.666666666666667,false
94231344608e603693b0a8891143f65d,SP,Sao Paulo,Brazil,3,100.0,0.0,4.0,false
94c49f20a123aeb9360dbf80ff912bf6,SP,Sao Paulo,Brazil,3,100.0,0.0,3.6666666666666665,false
954e95f20808d7e5d11f0de292d078e0,MG,Minas Gerais,Brazil,3,100.0,0.0,4.666666666666667,false
979e9f8b5b39dd243a2550c8b05aecf0,SP,Sao Paulo,Brazil,3,100.0,0.0,5.0,false
9b1585752613ec342d03bbab9997ec48,RJ,Rio de Janeiro,Brazil,3,100.0,0.0,3.6666666666666665,false
9c54608f0996c32ae4743089d915f845,PR,Parana,Brazil,3,100.0,0.0,4.0,false
a00824eb9093d40e589b940ec45c4eb0,SP,Sao Paulo,Brazil,3,100.0,0.0,4.666666666666667,false
a0d7fbb07bb5ebc3b05980e750db56f3,SP,Sao Paulo,Brazil,3,100.0,0.0,2.3333333333333335,false
a21c11ec5c3f03e7cc9f9203bff9e1c6,SP,Sao Paulo,Brazil,3,100.0,0.0,3.6666666666666665,false
a3082f442524a1be452e3189e003b361,SP,Sao Paulo,Brazil,3,100.0,0.0,4.333333333333333,false
a35ef466c6fd6d052f5d241240d3c5e2,RS,Rio Grande do Sul,Brazil,3,100.0,0.0,4.666666666666667,false
a53f60f05f822b5c621a50ff6a5cb362,MG,Minas Gerais,Brazil,3,100.0,0.0,3.6666666666666665,false
a69aa24cec11168e7e39a3fbc727e925,SP,Sao Paulo,Brazil,3,100.0,0.0,5.0,false
a7a9b880c49781da66651ccf4ba9ac38,SP,Sao Paulo,Brazil,3,100.0,0.0,3.6666666666666665,false
a90a5da8b09e44264a177c0374a5ac87,PR,Parana,Brazil,3,100.0,0.0,4.333333333333333,false
aa1eb17b9fdf6dfd546e25c45c7b9235,SP,Sao Paulo,Brazil,3,100.0,0.0,4.666666666666667,false
ab27bbbad5239bc31a34709275a70db4,SP,Sao Paulo,Brazil,3,100.0,0.0,5.0,false
ac51cac5e20d69ff485a54746488ef48,SP,Sao Paulo,Brazil,3,100.0,0.0,3.6666666666666665,false
ad75519a07f039025e83795a4418470f,GO,Goias,Brazil,3,100.0,0.0,3.6666666666666665,false
b3e2faf2c1004d674f16a3aa3197f0e1,SP,Sao Paulo,Brazil,3,100.0,0.0,5.0,false
b45d7ebfb7378630f1bcd74b6ff86ff7,MG,Minas Gerais,Brazil,3,100.0,0.0,4.333333333333333,false
b7e1750c1157341d2abd0251e07c186b,SP,Sao Paulo,Brazil,3,100.0,0.0,4.333333333333333,false
b9c0ffa92f3ff9a5a3d45ef7213c0842,SP,Sao Paulo,Brazil,3,100.0,0.0,5.0,false
bc30de0d71bd6260b936a026b5cf7200,SP,Sao Paulo,Brazil,3,100.0,0.0,4.666666666666667,false
be3b4b0f050a6aa1b2d901c4b77e979f,PR,Parana,Brazil,3,100.0,0.0,4.0,false
c04d70d515d15a7e3db3a73320598566,RJ,Rio de Janeiro,Brazil,3,100.0,0.0,5.0,false
c113b8df1fc375bc3d73d29c1b1144d1,SP,Sao Paulo,Brazil,3,100.0,0.0,4.333333333333333,false
c1849d4d32d7a6cecd5aa471809d3135,SP,Sao Paulo,Brazil,3,100.0,0.0,4.333333333333333,false
c26ba52cf8d2f34915f2f6b7ffa0a3f3,RJ,Rio de Janeiro,Brazil,3,100.0,0.0,5.0,false
c3f5668699a1b04c0fa61ecea1e2bff6,PR,Parana,Brazil,3,100.0,0.0,5.0,false
c4af86330efa7a2620772227d2d670c9,SP,Sao Paulo,Brazil,3,100.0,0.0,4.333333333333333,false
c5ebe6598748b0aeaa61cfb820478b92,RS,Rio Grande do Sul,Brazil,3,100.0,0.0,4.666666666666667,false
c79151301b9d90985d1fa52879213105,PR,Parana,Brazil,3,100.0,0.0,4.666666666666667,false
c7dcd301ecfe5ab7f778ac172cf74be7,MG,Minas Gerais,Brazil,3,100.0,0.0,3.0,false
ccada0ef508e698917a6eab263375905,PR,Parana,Brazil,3,100.0,0.0,3.6666666666666665,false
cf654707ed6a99f112c7ec3d6f314b8b,SP,Sao Paulo,Brazil,3,100.0,0.0,4.666666666666667,false
d149de2f383552baea37a7198c2296ce,SP,Sao Paulo,Brazil,3,100.0,0.0,5.0,false
d558ebe531605a1285ab2b1bc3256dfb,MG,Minas Gerais,Brazil,3,100.0,0.0,4.666666666666667,false
d73cbd89533ce8b041a9190241453ac8,MG,Minas Gerais,Brazil,3,100.0,0.0,4.333333333333333,false
d90fe2229fee1a5da999ccd0c06c1667,SP,Sao Paulo,Brazil,3,100.0,0.0,4.666666666666667,false
d9cb0052a666de5308b32f32ad5f1b1c,SP,Sao Paulo,Brazil,3,100.0,0.0,3.6666666666666665,false
d9cd369bffa979d1634f8e1318bf2f1b,SP,Sao Paulo,Brazil,3,100.0,0.0,5.0,false
db1f0f7c7e5e87f40b62226f020bb297,PR,Parana,Brazil,3,100.0,0.0,4.666666666666667,false
dbec9a0a7efeff029d4d9dce7dc4cc95,MG,Minas Gerais,Brazil,3,100.0,0.0,4.0,false
de09d00cfc265b8804c7df34075a68fa,SP,Sao Paulo,Brazil,3,100.0,0.0,3.3333333333333335,false
e1643dff33666ca629e3644c02738179,SP,Sao Paulo,Brazil,3,100.0,0.0,4.333333333333333,false
e3d3b3efac954a60d61be70b7e05b49b,SP,Sao Paulo,Brazil,3,100.0,0.0,4.333333333333333,false
e3e290b38963293022cdcd6db8328103,SP,Sao Paulo,Brazil,3,100.0,0.0,3.3333333333333335,false
e5899683388855d3dabe8913bbe365de,SP,Sao Paulo,Brazil,3,100.0,0.0,4.0,false
e59e489e2ea74bd409b798b5daf49de3,PR,Parana,Brazil,3,100.0,0.0,1.6666666666666667,false
e9c2dc0dd4ac38448289be644ac94f42,SC,Santa Catarina,Brazil,3,100.0,0.0,5.0,false
e9e446d01bd10a97a8ffcfc4a3a20cb2,SP,Sao Paulo,Brazil,3,100.0,0.0,4.333333333333333,false
ea3ebea5317b0efbc663ecc8ce5e9bc2,SC,Santa Catarina,Brazil,3,100.0,0.0,4.0,false
ea4e9ce63a2134743b4a92777437fcdd,SC,Santa Catarina,Brazil,3,100.0,0.0,4.666666666666667,false
eaf6d55068dea77334e8477d3878d89e,SP,Sao Paulo,Brazil,3,100.0,0.0,5.0,false
ed9eef5be0992d413d251fadba1a410d,SP,Sao Paulo,Brazil,3,100.0,0.0,4.666666666666667,false
ef728fa1f17436c91ed1ccd03dcf9631,SP,Sao Paulo,Brazil,3,100.0,0.0,4.333333333333333,false
f049a72cf58fd31b11f8919cade515e7,SP,Sao Paulo,Brazil,3,100.0,0.0,3.3333333333333335,false
f19516b9ff26bfeb091b30108db4ddbd,SP,Sao Paulo,Brazil,3,100.0,0.0,3.6666666666666665,false
f1b854361f4e15d5851b494df66f22b2,RJ,Rio de Janeiro,Brazil,3,100.0,0.0,3.3333333333333335,false
f1c1ac3f3efc07e659c035008e615e66,SP,Sao Paulo,Brazil,3,100.0,0.0,3.3333333333333335,false
f88adb15807168d3c43d71021090ce4a,SP,Sao Paulo,Brazil,3,100.0,0.0,3.3333333333333335,false
fcba71d4d5db057f43249145e4eb1e27,SP,Sao Paulo,Brazil,3,100.0,0.0,4.666666666666667,false
fe4cd9461203cee790d36792420b310f,MG,Minas Gerais,Brazil,3,100.0,0.0,4.0,false
fe8055980a4ff7f64ed889c2b5926929,PR,Parana,Brazil,3,100.0,0.0,4.666666666666667,false
010543a62bd80aa422851e79a3bc7540,SP,Sao Paulo,Brazil,2,100.0,0.0,4.5,false
024b564ae893ce8e9bfa02c10a401ece,SP,Sao Paulo,Brazil,2,100.0,0.0,4.5,false
062c325cd6a2b87845fab56b4ec2eeae,SP,Sao Paulo,Brazil,2,100.0,0.0,5.0,false
07d75e33f2750d97d467fb57e4dfdd8a,SP,Sao Paulo,Brazil,2,100.0,0.0,2.5,false
07e8e8fc5222bb358e6f259da3197074,SP,Sao Paulo,Brazil,2,100.0,0.0,4.0,false
091065b789659bc3cd9af9cb3a6253ff,RS,Rio Grande do Sul,Brazil,2,100.0,0.0,3.5,false
0a82f5fb06a4fe4ac2cf7cb412ec71b8,SP,Sao Paulo,Brazil,2,100.0,0.0,5.0,false
0ade5cc4a305ed7093a23f68ca47519c,PR,Parana,Brazil,2,100.0,0.0,5.0,false
0af977692321d895349eded183341d28,SP,Sao Paulo,Brazil,2,100.0,0.0,4.5,false
0b3f27369a4d8df98f7eb91077e438ac,SP,Sao Paulo,Brazil,2,100.0,0.0,4.0,false
11742f81550ac064cc9a40f67151d9ad,SP,Sao Paulo,Brazil,2,100.0,0.0,5.0,false
11938fcc75f6902fea1d0a6f72b54a57,SC,Santa Catarina,Brazil,2,100.0,0.0,3.0,false
119c7f1a00ef43fad0e57604e76a747c,SP,Sao Paulo,Brazil,2,100.0,0.0,4.5,false
14f2b3587172b9db894c9bad8dab520b,RS,Rio Grande do Sul,Brazil,2,100.0,0.0,2.5,false
160851d3ece7aa1a510f8d1a4bb8a8af,SP,Sao Paulo,Brazil,2,100.0,0.0,5.0,false
166e8f1381e09651983c38b1f6f91c11,SC,Santa Catarina,Brazil,2,100.0,0.0,5.0,false
1710c3aaa9c6b44ec3883ee0fe300e21,SP,Sao Paulo,Brazil,2,100.0,0.0,5.0,false
173d56ffbd4c56cb80fc3615487d712b,SP,Sao Paulo,Brazil,2,100.0,0.0,5.0,false
17998cf586426bf0f2c3726cb0a4b211,MG,Minas Gerais,Brazil,2,100.0,0.0,4.0,false
1961c3e1272bfeceb05d0b78b5bbfdaf,SP,Sao Paulo,Brazil,2,100.0,0.0,4.5,false
1b0b0f4f95e962d6f32fe90c759d0479,SP,Sao Paulo,Brazil,2,100.0,0.0,5.0,false
1cbdc7cf130a41fd13a3c2a7d2fcfda7,MG,Minas Gerais,Brazil,2,100.0,0.0,5.0,false
1d0646a72178a6fb37ee8082140e06ec,SC,Santa Catarina,Brazil,2,100.0,0.0,5.0,false
1d139e3a3b14025640d8df1b230aace0,SP,Sao Paulo,Brazil,2,100.0,0.0,3.5,false
1de62b6f2fd96227629786db492433db,SP,Sao Paulo,Brazil,2,100.0,0.0,5.0,false
1e26c56af8d48424e1df0140a2401f83,SP,Sao Paulo,Brazil,2,100.0,0.0,5.0,false
1e9d5a33694bddb76316fd1f54734d20,MT,Mato Grosso,Brazil,2,100.0,0.0,4.5,false
1fbe10c70e30765ed1de86d9f7e98409,SP,Sao Paulo,Brazil,2,100.0,0.0,2.5,false
20611af7866c6068fd5ae1f9dbe15c92,SP,Sao Paulo,Brazil,2,100.0,0.0,4.5,false
217f005bb37ff3aeef5b2ae1788e75ba,SP,Sao Paulo,Brazil,2,100.0,0.0,4.5,false
21d59342ba150175ca2aa4f8faddeca6,SP,Sao Paulo,Brazil,2,100.0,0.0,4.5,false
23ff42c4bf1f8f16cddb19d8b972974a,MG,Minas Gerais,Brazil,2,100.0,0.0,4.0,false
24a6daf925d9d591870a66660416de31,SP,Sao Paulo,Brazil,2,100.0,0.0,4.5,false
26562f211dd1364af2a8596dc945e8ae,SP,Sao Paulo,Brazil,2,100.0,0.0,5.0,false
28fb0829fd777877cdc350d25cb5bd5b,SP,Sao Paulo,Brazil,2,100.0,0.0,5.0,false
296729ffb9b684050dd24836dac4494a,SP,Sao Paulo,Brazil,2,100.0,0.0,5.0,false
2a167ca73899c85001a837d8fb4962f6,SP,Sao Paulo,Brazil,2,100.0,0.0,4.5,false
2aafae69bf4c41fbd94053d9413e87ee,RS,Rio Grande do Sul,Brazil,2,100.0,0.0,4.5,false
2c54051840f19eca309a5423cf22df36,PR,Parana,Brazil,2,100.0,0.0,4.5,false
2cb4700db635baa1c0d4f90ed27b6669,PR,Parana,Brazil,2,100.0,0.0,2.0,false
2d378dbb39815785238c0139c7647fb7,SC,Santa Catarina,Brazil,2,100.0,0.0,5.0,false
2d9e8987a2ea5cf88dce330249043ff1,SP,Sao Paulo,Brazil,2,100.0,0.0,4.5,false
2ec6e37d992a95eaddb3369dcbcc76d9,RS,Rio Grande do Sul,Brazil,2,100.0,0.0,1.5,false
2f9b7ce230a057a98a9f5df5893ee36c,SP,Sao Paulo,Brazil,2,100.0,0.0,4.5,false
2fa13c8bd5705d279f7ed5cc9ec61c68,SP,Sao Paulo,Brazil,2,100.0,0.0,5.0,false
328acb143b4a73aad6bee8e734f5d20d,PR,Parana,Brazil,2,100.0,0.0,4.0,false
333c4210e76a1aa2ab817b99437e3ff1,SP,Sao Paulo,Brazil,2,100.0,0.0,5.0,false
35b96509602ec4b7da831b5cd73ff2c2,RS,Rio Grande do Sul,Brazil,2,100.0,0.0,4.5,false
36f98ad67cc981f50ce8aed093d5783c,PR,Parana,Brazil,2,100.0,0.0,4.0,false
392f7f2c797e4dc077e4311bde2ab8ce,RN,Rio Grande do Norte,Brazil,2,100.0,0.0,5.0,false
3bb32fedaa74e4ad20f4ce067733bd31,SC,Santa Catarina,Brazil,2,100.0,0.0,4.5,false
3d62f86afa7c73be2628a3be1423f5a0,SP,Sao Paulo,Brazil,2,100.0,0.0,4.0,false
3d68c634a99a1ba46dbca3967a69c623,SC,Santa Catarina,Brazil,2,100.0,0.0,5.0,false
3ef37b7ca6dd2b80bd8af81a62504996,SP,Sao Paulo,Brazil,2,100.0,0.0,4.5,false
3fe7120d6257285ac6a3ce7cb071ccec,MG,Minas Gerais,Brazil,2,100.0,0.0,3.5,false
40ec8ab6cdafbcc4f544da38c67da39a,PR,Parana,Brazil,2,100.0,0.0,5.0,false
42b6488f5b8246d9141712abd4b1b693,PR,Parana,Brazil,2,100.0,0.0,4.0,false
42fb44130ac3134cde8e35cf8ec7df25,SP,Sao Paulo,Brazil,2,100.0,0.0,5.0,false
43b2c864251aa0ce4030c746984e088a,DF,Distrito Federal,Brazil,2,100.0,0.0,3.0,false
44717f64ec2a457979cf83c429077666,RS,Rio Grande do Sul,Brazil,2,100.0,0.0,5.0,false
44ed138eca6214d572ce1d813fb0049b,RS,Rio Grande do Sul,Brazil,2,100.0,0.0,4.5,false
458c6fa920810ce2492da71bc26d9eec,SP,Sao Paulo,Brazil,2,100.0,0.0,2.5,false
458d868c9642f55f18f04e951a3fdde6,RS,Rio Grande do Sul,Brazil,2,100.0,0.0,5.0,false
48b6c3f4c6a93171da04b75313f2130f,SP,Sao Paulo,Brazil,2,100.0,0.0,5.0,false
48e954b2da4f6a750c844173b347ed40,RS,Rio Grande do Sul,Brazil,2,100.0,0.0,4.5,false
4a1917ef994878940e1fb03eeb787ad7,DF,Distrito Federal,Brazil,2,100.0,0.0,3.0,false
4bde6149c15cf7e177b36fa060dd6de8,RS,Rio Grande do Sul,Brazil,2,100.0,0.0,5.0,false
4bf658053d453036c70976bccb2c31b2,SP,Sao Paulo,Brazil,2,100.0,0.0,4.5,false
4c4d546adf3c3868fe19c9ec6e9ffda9,PR,Parana,Brazil,2,100.0,0.0,4.0,false
4c60877808f4318ef1107fbeb8f89afa,SP,Sao Paulo,Brazil,2,100.0,0.0,4.0,false
4ce8b55b4bfa4659184e7becc1fba3f2,PR,Parana,Brazil,2,100.0,0.0,3.0,false
4d9fea3499bdc22aa4da4e339365f215,SP,Sao Paulo,Brazil,2,100.0,0.0,5.0,false
4e0d109ccfba9a1151c103049880c857,RJ,Rio de Janeiro,Brazil,2,100.0,0.0,3.0,false
4eeb99008a0f59d2c7759c59f9a346eb,SP,Sao Paulo,Brazil,2,100.0,0.0,4.5,false
4f0d637c1197fd65405ebd755ac9f86b,SP,Sao Paulo,Brazil,2,100.0,0.0,5.0,false
4f1f1c8666cdb6442f775c4e8caed465,MG,Minas Gerais,Brazil,2,100.0,0.0,5.0,false
4fe2f67634d00c021aa01f96b6f2d68e,PR,Parana,Brazil,2,100.0,0.0,5.0,false
513a54369b6a8a6602fcb0e129c6d78d,SP,Sao Paulo,Brazil,2,100.0,0.0,4.5,false
528ce32f560edd11add4169f6a5b65be,SP,Sao Paulo,Brazil,2,100.0,0.0,5.0,false
52bb00821bcdd358a5a5a27e1f6be5a1,SP,Sao Paulo,Brazil,2,100.0,0.0,4.5,false
533d46c1b06970e99f09523a61df4972,SP,Sao Paulo,Brazil,2,100.0,0.0,4.5,false
539ed9e19811677513447759be5eccfc,MG,Minas Gerais,Brazil,2,100.0,0.0,3.0,false
5563732abe64c3036cb97ad924128dd1,SP,Sao Paulo,Brazil,2,100.0,0.0,4.5,false
5587130f9850696ed7fafbc91c2cee44,SP,Sao Paulo,Brazil,2,100.0,0.0,5.0,false
56db5c0782e8f7ddc9343f9576ff6d16,SC,Santa Catarina,Brazil,2,100.0,0.0,3.0,false
570d4583587a5fe2d47c7be89b91ad27,SP,Sao Paulo,Brazil,2,100.0,0.0,5.0,false
5733d806668f8712c24b9abaefbfa642,SP,Sao Paulo,Brazil,2,100.0,0.0,5.0,false
57d2ba47f7a3209aa347532ae75c1165,SC,Santa Catarina,Brazil,2,100.0,0.0,4.0,false
58c851d1a3c7cd3da329eb59453fed44,SP,Sao Paulo,Brazil,2,100.0,0.0,5.0,false
59bbc819b99a733f02f0d6b49d1c253d,SP,Sao Paulo,Brazil,2,100.0,0.0,5.0,false
5a9c0859cb00fd8aa4db443837f0a700,SC,Santa Catarina,Brazil,2,100.0,0.0,4.5,false
5bc237df65098fe211bb4818f4d26d78,MG,Minas Gerais,Brazil,2,100.0,0.0,4.5,false
5cf1ec37aea089f45110c70653a166ab,SP,Sao Paulo,Brazil,2,100.0,0.0,5.0,false
5d505d2298ad549e4e4e835562fa0c1e,SP,Sao Paulo,Brazil,2,100.0,0.0,5.0,false
5de1c80811ce7007f62f00d971236c09,SC,Santa Catarina,Brazil,2,100.0,0.0,5.0,false
5e9f5bd34e0830569f05c9d4f56e04a8,RS,Rio Grande do Sul,Brazil,2,100.0,0.0,4.5,false
6025c79c035c3d772133b8b8238463b2,PR,Parana,Brazil,2,100.0,0.0,5.0,false
612a743d294c27884fb7b80d2b19ba35,PR,Parana,Brazil,2,100.0,0.0,4.5,false
615c3462099ffa940d37b17dfda19594,RJ,Rio de Janeiro,Brazil,2,100.0,0.0,5.0,false
6187a137b2af59dfdbad8d9f8c373c14,SP,Sao Paulo,Brazil,2,100.0,0.0,3.0,false
63272377184e969942f7fff221be858d,SP,Sao Paulo,Brazil,2,100.0,0.0,5.0,false
643c01d7c56a724bec0454f4780e8a3e,SC,Santa Catarina,Brazil,2,100.0,0.0,4.5,false
64cc804291f90c81f02bfc2bb58ff55a,PR,Parana,Brazil,2,100.0,0.0,5.0,false
65c255b299faf2d12050937cc219c46c,SP,Sao Paulo,Brazil,2,100.0,0.0,4.5,false
6601ee6383e7f452be71929f8de48bbb,SP,Sao Paulo,Brazil,2,100.0,0.0,4.0,false
6650fcccd8cd2f7e55ffa524f30c4c59,SP,Sao Paulo,Brazil,2,100.0,0.0,3.0,false
6902157ee16728322d61a1321fa79e58,SP,Sao Paulo,Brazil,2,100.0,0.0,3.0,false
693660429f9dc4ff704eb3d88dad54d7,SP,Sao Paulo,Brazil,2,100.0,0.0,4.0,false
69a43819c758c65a5befb0b471c954d7,PR,Parana,Brazil,2,100.0,0.0,4.0,false
69b5eaa096c3f9d1e5c398c597f567d6,SP,Sao Paulo,Brazil,2,100.0,0.0,5.0,false
6a53b90c3ad9e0b56d9fe5c69165fff5,PR,Parana,Brazil,2,100.0,0.0,3.5,false
6bef34c5be6f2bbd70aa5165f6df94b1,SC,Santa Catarina,Brazil,2,100.0,0.0,2.0,false
6c9875b2f94ba781186f0c1aed8d1687,SP,Sao Paulo,Brazil,2,100.0,0.0,5.0,false
6f835fd4be26989b1b064399da346143,PR,Parana,Brazil,2,100.0,0.0,5.0,false
71593c7413973a1e160057b80d4958f6,SP,Sao Paulo,Brazil,2,100.0,0.0,3.0,false
7315baebc0572ff220d226283dc66728,SP,Sao Paulo,Brazil,2,100.0,0.0,4.0,false
731ef20c231d9a7103a425e83fd91271,SC,Santa Catarina,Brazil,2,100.0,0.0,3.5,false
734def04b237117a09321dd6d8f3f2a2,SP,Sao Paulo,Brazil,2,100.0,0.0,5.0,false
739c7d7be81f63812dea0d1b1451c651,PB,Paraiba,Brazil,2,100.0,0.0,4.0,false
73da1880b39c71de2b262bc7720c1494,SP,Sao Paulo,Brazil,2,100.0,0.0,5.0,false
747c1cdcd1737dcfbd1547f6eb6f2cf3,SP,Sao Paulo,Brazil,2,100.0,0.0,2.5,false
74a9b9bddf14ece02beb81f52c41a88d,SP,Sao Paulo,Brazil,2,100.0,0.0,3.5,false
76833248bbc0e65a0293ec62023e4396,SP,Sao Paulo,Brazil,2,100.0,0.0,5.0,false
76de363de16dacc923eec8daf91df504,SC,Santa Catarina,Brazil,2,100.0,0.0,2.5,false
788f22bafdd7ab0e1e79f19db72f16a4,SP,Sao Paulo,Brazil,2,100.0,0.0,4.5,false
78ba5933c21686d1c2f64669c8c459e7,SP,Sao Paulo,Brazil,2,100.0,0.0,4.25,false
7ad41305e96a6cab8294cd65891e9a86,SP,Sao Paulo,Brazil,2,100.0,0.0,5.0,false
7dea6f73af847b42cc3985bd620f994d,PR,Parana,Brazil,2,100.0,0.0,4.0,false
7fe21dd00d2f4943ae09525efa2fd674,RJ,Rio de Janeiro,Brazil,2,100.0,0.0,5.0,false
81ed90f07c0bacb7594940ba2ef676aa,MG,Minas Gerais,Brazil,2,100.0,0.0,4.5,false
830379336fad8c6f3b15a4a3ddb5c66e,SP,Sao Paulo,Brazil,2,100.0,0.0,4.5,false
83c8aafbefb034674a70de0eac5b8954,PR,Parana,Brazil,2,100.0,0.0,5.0,false
84c945f15571830c1a91a33978e94009,SP,Sao Paulo,Brazil,2,100.0,0.0,4.5,false
84deb808079d1be601c209c1e771b1cc,PR,Parana,Brazil,2,100.0,0.0,5.0,false
85e7c62c1d6ea078c3897424f867a7c8,SC,Santa Catarina,Brazil,2,100.0,0.0,4.5,false
88ef59b51bdaa941d10a853429f2b6ce,PR,Parana,Brazil,2,100.0,0.0,2.0,false
89757206b887aed36f3e18d858460fea,SP,Sao Paulo,Brazil,2,100.0,0.0,5.0,false
89d9a386b0b6e5fc8403071b03f7206a,SP,Sao Paulo,Brazil,2,100.0,0.0,4.0,false
8a1ff5c35f6595a73fef4c7b96e4908a,PR,Parana,Brazil,2,100.0,0.0,5.0,false
8a8835a43bda99fd37310ad76c457510,SP,Sao Paulo,Brazil,2,100.0,0.0,4.5,false
8b87cd0d43d49b9bdf40f56229364d59,SP,Sao Paulo,Brazil,2,100.0,0.0,5.0,false
8c351ed7c326c62123318f4f3246e906,SP,Sao Paulo,Brazil,2,100.0,0.0,5.0,false
8c9348f33ae3dada25c99c99ade2af78,SP,Sao Paulo,Brazil,2,100.0,0.0,5.0,false
8def3db7f272735afb2ecd03aeca09a7,RJ,Rio de Janeiro,Brazil,2,100.0,0.0,5.0,false
8ea394aed8138685abe1eb9f25e1021d,SP,Sao Paulo,Brazil,2,100.0,0.0,4.0,false
8eb88b0acb3f90a717ad659221471fa7,SC,Santa Catarina,Brazil,2,100.0,0.0,4.5,false
8f0fbe2cd4d472157dc1cdef6edecaa9,SP,Sao Paulo,Brazil,2,100.0,0.0,3.0,false
8ff38bc3969e67c36c48343a07090f66,SP,Sao Paulo,Brazil,2,100.0,0.0,2.5,false
8fff28c4263ddec387f28d237fb42773,SP,Sao Paulo,Brazil,2,100.0,0.0,5.0,false
90b57083da5d803237da74daec6dcb2b,PR,Parana,Brazil,2,100.0,0.0,5.0,false
910a922b426b7ff95eaee129ad6c0e1f,SP,Sao Paulo,Brazil,2,100.0,0.0,5.0,false
918f6fbcf3ab724d805867303e593a1b,SP,Sao Paulo,Brazil,2,100.0,0.0,4.0,false
9535a841eecebed61a9fb1ac1cbb5597,SP,Sao Paulo,Brazil,2,100.0,0.0,3.0,false
968ee78631915a63fef426d6733d7422,RS,Rio Grande do Sul,Brazil,2,100.0,0.0,3.0,false
96e5dc09087bad639b4ee193104ec2e5,RJ,Rio de Janeiro,Brazil,2,100.0,0.0,4.5,false
98dddbc4601dd4443ca174359b237166,PR,Parana,Brazil,2,100.0,0.0,5.0,false
98e164d549402270247f3c96a1a158ef,SP,Sao Paulo,Brazil,2,100.0,0.0,2.5,false
9996ae921c50e8dff411ac69c0b4bb8b,SP,Sao Paulo,Brazil,2,100.0,0.0,2.0,false
999f6d9a1c7c81f43be44c6b7d076210,SP,Sao Paulo,Brazil,2,100.0,0.0,4.5,false
99cd94252748d2bdde08e17858233602,SP,Sao Paulo,Brazil,2,100.0,0.0,4.5,false
9b1ab052f5fca308ba743ac789ebb2e1,PR,Parana,Brazil,2,100.0,0.0,4.0,false
9b76ad3d04236f76bc71c59470305e13,SP,Sao Paulo,Brazil,2,100.0,0.0,5.0,false
9bade61a92bed55a25d2b67b9f4ed739,PR,Parana,Brazil,2,100.0,0.0,3.0,false
9c4d31c7e46ab03a43fc06e3142afd4e,RJ,Rio de Janeiro,Brazil,2,100.0,0.0,4.5,false
9d213f303afae4983637247556438ede,SP,Sao Paulo,Brazil,2,100.0,0.0,5.0,false
9e7c5f4d7770eab65738cca38f9efccf,SP,Sao Paulo,Brazil,2,100.0,0.0,3.5,false
a2a41aedb70551d4a85aa04dc2fced48,SP,Sao Paulo,Brazil,2,100.0,0.0,4.0,false
a3b0df0065e264a91b7bbf5f844af5cd,SP,Sao Paulo,Brazil,2,100.0,0.0,5.0,false
a45314082d50d578a4721c9787ce09ab,SP,Sao Paulo,Brazil,2,100.0,0.0,5.0,false
a513150f33f99a06569e9cd5c4bb889b,SP,Sao Paulo,Brazil,2,100.0,0.0,4.5,false
a5ff20ff766e7f50bd5066f33da14413,SP,Sao Paulo,Brazil,2,100.0,0.0,3.0,false
a70e9066dbfd10b6b97a3f54a1356762,PR,Parana,Brazil,2,100.0,0.0,5.0,false
a7b7354cc588f7566a848bcbb1ce3d96,SP,Sao Paulo,Brazil,2,100.0,0.0,4.0,false
a7d0f8dd44f57ef6de7f7f02e3d82630,SP,Sao Paulo,Brazil,2,100.0,0.0,4.5,false
a7dc4098e4da6e41b426269d12ae7e91,SP,Sao Paulo,Brazil,2,100.0,0.0,3.0,false
a81466620e46a6970b22ef40379fdfc9,SC,Santa Catarina,Brazil,2,100.0,0.0,5.0,false
aa17b35ce4de7b565be3249ba838944f,SP,Sao Paulo,Brazil,2,100.0,0.0,4.5,false
aae5953b9edddf14749c0d65d60eb4b9,MG,Minas Gerais,Brazil,2,100.0,0.0,5.0,false
abe021b01ba992245271b9aa422032df,PR,Parana,Brazil,2,100.0,0.0,3.5,false
ad8b531ae67582f096925cff5630d0d1,PR,Parana,Brazil,2,100.0,0.0,4.0,false
b05b432bf68945d4d9783f9e3ca29ee8,SP,Sao Paulo,Brazil,2,100.0,0.0,4.5,false
b12cfd255810394b60caef18ae163547,PR,Parana,Brazil,2,100.0,0.0,4.5,false
b26741d31a563d769b4af0465ab20c56,SC,Santa Catarina,Brazil,2,100.0,0.0,4.0,false
b416191c9813d821a295cfabafff4161,SP,Sao Paulo,Brazil,2,100.0,0.0,2.5,false
b452cb0ae35044c4a53179c39f49fb06,SP,Sao Paulo,Brazil,2,100.0,0.0,4.0,false
b5bb2b985208834bd5bd86c7a402bbad,RS,Rio Grande do Sul,Brazil,2,100.0,0.0,5.0,false
b906dd0e57f282c7089171b6ed07982e,PR,Parana,Brazil,2,100.0,0.0,4.0,false
b9ec22de23f18567de0e09d776ca0309,DF,Distrito Federal,Brazil,2,100.0,0.0,5.0,false
ba89796db68db180bd389de96b2ff3b6,SP,Sao Paulo,Brazil,2,100.0,0.0,5.0,false
bb3dca718920a4d7ec3cc9ffb025108b,SP,Sao Paulo,Brazil,2,100.0,0.0,3.0,false
bb5d956dece964a06c12bceb66b923ae,RJ,Rio de Janeiro,Brazil,2,100.0,0.0,5.0,false
bb7ad8a45c027be8ab075b8e465f8ca0,SC,Santa Catarina,Brazil,2,100.0,0.0,5.0,false
bbd3acfe6de99892e73940d3fdceaf68,SP,Sao Paulo,Brazil,2,100.0,0.0,3.0,false
bbe87dce25ba8b38bb61cc7210a3f10b,SP,Sao Paulo,Brazil,2,100.0,0.0,5.0,false
bec568278124768c474ee90971ca94d1,SP,Sao Paulo,Brazil,2,100.0,0.0,4.5,false
bede56095ba33c42038fb85f707b8a42,SP,Sao Paulo,Brazil,2,100.0,0.0,4.5,false
bf0045791395e66460eb04749c68672a,SP,Sao Paulo,Brazil,2,100.0,0.0,4.0,false
c13fb473e7cb8b83ccd543c094df0608,SP,Sao Paulo,Brazil,2,100.0,0.0,3.5,false
c1552b1dab6e6f760950368ae61fb600,SP,Sao Paulo,Brazil,2,100.0,0.0,2.5,false
c161d1327ebc3a156c09582ab2f59f6c,SP,Sao Paulo,Brazil,2,100.0,0.0,4.0,false
c3251e13f1bbda6c74e37c160f991e19,SP,Sao Paulo,Brazil,2,100.0,0.0,5.0,false
c32fc744b9160ac853450488e3cfea93,SP,Sao Paulo,Brazil,2,100.0,0.0,3.0,false
c353f8fc0ce8344999f17d578eb69a5e,RS,Rio Grande do Sul,Brazil,2,100.0,0.0,5.0,false
c394e193cda3b4225ff2094d32184849,SP,Sao Paulo,Brazil,2,100.0,0.0,5.0,false
c398bc00a606d33758afd91f4e64fd15,RJ,Rio de Janeiro,Brazil,2,100.0,0.0,4.5,false
c3ee2331a724e6fc02c4b698b57a73f3,SP,Sao Paulo,Brazil,2,100.0,0.0,3.0,false
c6381b1321d7d97717a5bb4ed5b77882,SP,Sao Paulo,Brazil,2,100.0,0.0,3.0,false
c76d418370990614e89e956c7a7567d9,SP,Sao Paulo,Brazil,2,100.0,0.0,3.5,false
c7c7b2682c648339a0e9846bb1023a39,SP,Sao Paulo,Brazil,2,100.0,0.0,4.5,false
cac4e0bc1a3269fa2b6ea5e763f6115b,SC,Santa Catarina,Brazil,2,100.0,0.0,5.0,false
cb0b3bcf14e0a709df412a99424a59d7,SP,Sao Paulo,Brazil,2,100.0,0.0,4.5,false
cb32766839f443db85c82a43c4a6c19e,SP,Sao Paulo,Brazil,2,100.0,0.0,3.0,false
cc80e2f693fa6e2408f47ccf62413fc1,PR,Parana,Brazil,2,100.0,0.0,4.0,false
cd52a8efd71af3336b14b5039b951cc1,SP,Sao Paulo,Brazil,2,100.0,0.0,3.0,false
d26aa40b90272d4843d63be7c1462c8d,SP,Sao Paulo,Brazil,2,100.0,0.0,4.5,false
d2df77822373f19934e87694d8640767,PR,Parana,Brazil,2,100.0,0.0,3.0,false
d3891911c2feae53c52fea2bd14054e5,SP,Sao Paulo,Brazil,2,100.0,0.0,5.0,false
d4a5e99e0dd915df64ba55a7fbd583fd,SP,Sao Paulo,Brazil,2,100.0,0.0,3.0,false
d52cbce9845184537284a23c3bc3da0e,SC,Santa Catarina,Brazil,2,100.0,0.0,5.0,false
d58d521f3789def2e7a22715e0badd93,SP,Sao Paulo,Brazil,2,100.0,0.0,3.5,false
d63c73efd41eb002280e7ec831424edb,SP,Sao Paulo,Brazil,2,100.0,0.0,4.0,false
d7ab82074b5f1dfba46db123df101bff,SP,Sao Paulo,Brazil,2,100.0,0.0,4.5,false
da20530872245d6cd9d2f5725613c430,RS,Rio Grande do Sul,Brazil,2,100.0,0.0,4.5,false
dcf3755cefcdc158ad0b7bdde51e871b,RS,Rio Grande do Sul,Brazil,2,100.0,0.0,4.0,false
dd39ad39b5d3df33037e141c72497ba6,SP,Sao Paulo,Brazil,2,100.0,0.0,5.0,false
dd58ee93286b0821565574c570e9e1dc,PR,Parana,Brazil,2,100.0,0.0,5.0,false
dd8a29ce82d5c705ba932d81494600a5,SP,Sao Paulo,Brazil,2,100.0,0.0,3.5,false
dedcab67899479e4ea5dcc4eba47f587,SC,Santa Catarina,Brazil,2,100.0,0.0,4.5,false
e0487761face83d64fcada2408959a36,SP,Sao Paulo,Brazil,2,100.0,0.0,4.5,false
e0a3c37054ade6478d923a6efc10f308,SC,Santa Catarina,Brazil,2,100.0,0.0,5.0,false
e503f22be6a4f456d9851920a5d9c670,SP,Sao Paulo,Brazil,2,100.0,0.0,4.0,false
e546117ed9cafbc40239c0c78635c584,SP,Sao Paulo,Brazil,2,100.0,0.0,4.5,false
e560e4022d8f7aebf155db95946c5c0f,MG,Minas Gerais,Brazil,2,100.0,0.0,5.0,false
e5cbe890e679490127e9a390b46bbd20,SP,Sao Paulo,Brazil,2,100.0,0.0,4.5,false
e82de6494d91d3c4c54450f59b227a94,SP,Sao Paulo,Brazil,2,100.0,0.0,5.0,false
e83e93b71371817b11d78a63ff156aee,SP,Sao Paulo,Brazil,2,100.0,0.0,4.5,false
e88f7a2995ba184710d339c5c4bf2e30,SP,Sao Paulo,Brazil,2,100.0,0.0,5.0,false
e94b64dc6979b302a5a5be1662c83bb6,SP,Sao Paulo,Brazil,2,100.0,0.0,5.0,false
ea1776927851da2532aa70d6a32c095a,SP,Sao Paulo,Brazil,2,100.0,0.0,3.5,false
ea846a0e7ad98a741783e886d89dfa44,SP,Sao Paulo,Brazil,2,100.0,0.0,5.0,false
ec5c1d94df153d473b37f880977ae58e,SP,Sao Paulo,Brazil,2,100.0,0.0,2.0,false
ed49da7cadefc454d6a67de249eab240,SP,Sao Paulo,Brazil,2,100.0,0.0,3.0,false
eddd1991bd6d9309995a480c39b95137,PR,Parana,Brazil,2,100.0,0.0,3.5,false
ee2fbacc2fc3794e656cc4d933d59ce7,SP,Sao Paulo,Brazil,2,100.0,0.0,4.0,false
f0ec78809fe0bc3edb11c9fe5b97b059,SP,Sao Paulo,Brazil,2,100.0,0.0,4.0,false
f1198c871e0171278b63f40d112caeec,SP,Sao Paulo,Brazil,2,100.0,0.0,4.5,false
f18112da765e0971ca5d510dec322bdd,SC,Santa Catarina,Brazil,2,100.0,0.0,4.0,false
f1ce5fdecd64935c28b9ff932751d0dc,SP,Sao Paulo,Brazil,2,100.0,0.0,4.5,false
f235413f677777a0738ff215d0184901,SP,Sao Paulo,Brazil,2,100.0,0.0,5.0,false
f266295f49a28eee21f413e0cbb0521d,PR,Parana,Brazil,2,100.0,0.0,4.5,false
f356c348fbc8df6a882823e21f5ce8b7,RS,Rio Grande do Sul,Brazil,2,100.0,0.0,2.5,false
f3975e8a41157005d4bcbb358678cd9b,SC,Santa Catarina,Brazil,2,100.0,0.0,5.0,false
f410c8873029fcc3809b9df6d0b28914,SP,Sao Paulo,Brazil,2,100.0,0.0,5.0,false
f664f98bfda2eaf266a23ff144e7a872,SP,Sao Paulo,Brazil,2,100.0,0.0,3.0,false
f8e2c1b59cd4225a3e4fd0d013a76b93,SP,Sao Paulo,Brazil,2,100.0,0.0,5.0,false
f9eedec3129e8cc6b6429c42d0808c5b,RJ,Rio de Janeiro,Brazil,2,100.0,0.0,4.5,false
fd312b6bf05efac6c3772d5b52205d8a,SP,Sao Paulo,Brazil,2,100.0,0.0,5.0,false
fedf2c1386e137f296b3bbf3b635e69d,SP,Sao Paulo,Brazil,2,100.0,0.0,3.5,false
ff314fa6033cc68ec451c47aee2d6ba4,SP,Sao Paulo,Brazil,2,100.0,0.0,5.0,false
003554e2dce176b5555353e4f3555ac8,GO,Goias,Brazil,1,100.0,0.0,5.0,false
00ab3eff1b5192e5f1a63bcecfee11c8,SP,Sao Paulo,Brazil,1,100.0,0.0,5.0,false
00d8b143d12632bad99c0ad66ad52825,MG,Minas Gerais,Brazil,1,100.0,0.0,5.0,false
010da0602d7774602cd1b3f5fb7b709e,SP,Sao Paulo,Brazil,1,100.0,0.0,1.0,false
011b0eaba87386a2ae96a7d32bb531d1,SP,Sao Paulo,Brazil,1,100.0,0.0,4.0,false
028872bfa080090a9d0abd4f1af168f8,MG,Minas Gerais,Brazil,1,100.0,0.0,5.0,false
0336182e1b3e92f029d5354832045fdf,SP,Sao Paulo,Brazil,1,100.0,0.0,2.0,false
04ee0ec01589969663ba5967c0e0bdc0,RS,Rio Grande do Sul,Brazil,1,100.0,0.0,5.0,false
052577151711aec5c744fe12e66db3e1,SC,Santa Catarina,Brazil,1,100.0,0.0,5.0,false
05a48cc8859962767935ab9087417fbb,SP,Sao Paulo,Brazil,1,100.0,0.0,5.0,false
07a9bc7f61396b658ddf3ac534efe44c,SP,Sao Paulo,Brazil,1,100.0,0.0,3.5,false
08d1c9478fb0d7d7fcac9c0da4e82fc7,MG,Minas Gerais,Brazil,1,100.0,0.0,5.0,false
0936e1837d0c79253456bbb2ffaaef10,SP,Sao Paulo,Brazil,1,100.0,0.0,5.0,false
0a198e95d32b1be2da9424c962a6ebfa,MG,Minas Gerais,Brazil,1,100.0,0.0,5.0,false
0af2ab31141893d26aca5a404a537dab,SP,Sao Paulo,Brazil,1,100.0,0.0,5.0,false
0b09101900100c0e9d312861fad5a1b9,SP,Sao Paulo,Brazil,1,100.0,0.0,4.0,false
0b1ca3ef18a63d7eb0c8897fa0849c08,SP,Sao Paulo,Brazil,1,100.0,0.0,5.0,false
0b36063d5818f81ccb94b54adfaebbf5,SC,Santa Catarina,Brazil,1,100.0,0.0,5.0,false
0b46f784306be7200ca1700aa55d819f,MG,Minas Gerais,Brazil,1,100.0,0.0,5.0,false
0bb27263628258b8111a0262769fa9db,SP,Sao Paulo,Brazil,1,100.0,0.0,5.0,false
0ee4fb99ac55ffbbc98795aa01b7f8fa,SP,Sao Paulo,Brazil,1,100.0,0.0,5.0,false
0f519b0d2e5eb2227c93dd25038bfc01,SP,Sao Paulo,Brazil,1,100.0,0.0,5.0,false
0f80a40c312b2472dca482cf50f5186f,SP,Sao Paulo,Brazil,1,100.0,0.0,3.0,false
0f94588695d71662beec8d883ffacf09,SC,Santa Catarina,Brazil,1,100.0,0.0,5.0,false
134b867a0f7f8bbe6abf10f91874891e,SP,Sao Paulo,Brazil,1,100.0,0.0,4.0,false
139157dd4daa45c25b0807ffff348363,SP,Sao Paulo,Brazil,1,100.0,0.0,4.0,false
13e85aac53340018b40c2af68001b7e0,SP,Sao Paulo,Brazil,1,100.0,0.0,5.0,false
1444c08e64d55fb3c25f0f09c07ffcf2,BA,Bahia,Brazil,1,100.0,0.0,1.0,false
15b3b1b81484422eb41df68ac87f1f50,SP,Sao Paulo,Brazil,1,100.0,0.0,1.0,false
164a5a8794e6d42e14f55e447b12a3bc,PR,Parana,Brazil,1,100.0,0.0,5.0,false
16bdc8cefd0e32a6f0824d296c5ad14a,SP,Sao Paulo,Brazil,1,100.0,0.0,5.0,false
1703bc09972dab9782e7a9194943b69f,MG,Minas Gerais,Brazil,1,100.0,0.0,5.0,false
1746c1ae87ac63d530c7c943d0ac42e2,SP,Sao Paulo,Brazil,1,100.0,0.0,5.0,false
1927cdb9fa74f5270097f6250e8e8f34,SP,Sao Paulo,Brazil,1,100.0,0.0,5.0,false
19a7c9f66ffa6452ff4b4c0cca71da27,PR,Parana,Brazil,1,100.0,0.0,5.0,false
19d62d484cba71963c93f0f00ab42013,SC,Santa Catarina,Brazil,1,100.0,0.0,4.0,false
1a8e2d9c38b84a9702ac7922924b0573,SC,Santa Catarina,Brazil,1,100.0,0.0,5.0,false
1b61fb1f0f2185d89e9a126c498e9cc7,PR,Parana,Brazil,1,100.0,0.0,5.0,false
1c742ac33582852aaf3bcfbf5893abcf,MG,Minas Gerais,Brazil,1,100.0,0.0,5.0,false
1c83418358f249c9d6affa52d579db0e,SP,Sao Paulo,Brazil,1,100.0,0.0,5.0,false
1cbcd2ee0afb3fc09963b87eb65e7e4f,PR,Parana,Brazil,1,100.0,0.0,5.0,false
1d953075c2f0dd990bacf27b83b330f1,MG,Minas Gerais,Brazil,1,100.0,0.0,5.0,false
1e47d8b6546eb3a77b1acddcc9406242,SP,Sao Paulo,Brazil,1,100.0,0.0,1.0,false
1f7dfad2cb384ea4d2d7e1ffbd78c407,SP,Sao Paulo,Brazil,1,100.0,0.0,1.0,false
1fa2d3def6adfa70e58c276bb64fe5bb,SP,Sao Paulo,Brazil,1,100.0,0.0,1.0,false
1fe61aa5494bd3ae92a2c13e067c810f,SC,Santa Catarina,Brazil,1,100.0,0.0,4.0,false
2039c5e51785b5dde7cf93ccb3b7be2c,SP,Sao Paulo,Brazil,1,100.0,0.0,5.0,false
204b4e07bddef3c9b317f70189135b22,MG,Minas Gerais,Brazil,1,100.0,0.0,5.0,false
2235cf78d3e2073a88146a9cb60f0dd0,SP,Sao Paulo,Brazil,1,100.0,0.0,5.0,false
22a23e5ac7061fc538cc2a019afaaf16,MG,Minas Gerais,Brazil,1,100.0,0.0,3.0,false
247587846358bb1d2e4c6522020b36fe,SP,Sao Paulo,Brazil,1,100.0,0.0,5.0,false
24c1de8d9551c0b4fbc53317d53efda8,PB,Paraiba,Brazil,1,100.0,0.0,5.0,false
258447aad3f7b01e2643c89f64dc5647,PR,Parana,Brazil,1,100.0,0.0,5.0,false
265fdc289dffa9f1ad801c74f7d0de47,SP,Sao Paulo,Brazil,1,100.0,0.0,5.0,false
26e2e5033827d2ba53929f43e03d8ffe,SP,Sao Paulo,Brazil,1,100.0,0.0,5.0,false
270572bb714b00531be85e16e1550f26,SP,Sao Paulo,Brazil,1,100.0,0.0,5.0,false
28872dc528e978a639754bc8c2ce5a4c,RS,Rio Grande do Sul,Brazil,1,100.0,0.0,5.0,false
28a26ebce31d5918b181ede016fd693b,MG,Minas Gerais,Brazil,1,100.0,0.0,5.0,false
28d162ab86bb49d719c32f0ee6186eaa,SP,Sao Paulo,Brazil,1,100.0,0.0,4.0,false
299c89a525fee36c567f4fe72f038100,CE,Ceara,Brazil,1,100.0,0.0,3.0,false
29c322e3f09f886f8bacbe91dfbd979e,RS,Rio Grande do Sul,Brazil,1,100.0,0.0,5.0,false
2b402d5dc42554061f8ea98d1916f148,BA,Bahia,Brazil,1,100.0,0.0,5.0,false
2bdb95a56a36ebbc6640337ac5eac174,SP,Sao Paulo,Brazil,1,100.0,0.0,5.0,false
2c00c85d30361cd2ced2969cffbbffa3,MG,Minas Gerais,Brazil,1,100.0,0.0,5.0,false
2c2c9832d1bb38c5b0034a3b47d313ee,RS,Rio Grande do Sul,Brazil,1,100.0,0.0,3.0,false
2c538755f1ca9540af144f266e70df6c,MG,Minas Gerais,Brazil,1,100.0,0.0,5.0,false
2c9005d8043aff18b8557ffb7b13cda4,ES,Espirito Santo,Brazil,1,100.0,0.0,5.0,false
2cb98e27ce1c18abdb42209b34c382a7,SP,Sao Paulo,Brazil,1,100.0,0.0,4.0,false
2d20f1cd18725c91147da0791d498022,PR,Parana,Brazil,1,100.0,0.0,5.0,false
2d34636518ba88f5349b732fcf8ba2e4,SP,Sao Paulo,Brazil,1,100.0,0.0,5.0,false
2d8cfba3fcd3170555941605edaa196a,SP,Sao Paulo,Brazil,1,100.0,0.0,5.0,false
2e2f44824ab87a0cb961f68bf4073e7f,PR,Parana,Brazil,1,100.0,0.0,2.0,false
2ef086a599b597572aca4433b7ed6b3d,SC,Santa Catarina,Brazil,1,100.0,0.0,5.0,false
2f1e7b90e01d9f086cbcb301c0c3d406,SC,Santa Catarina,Brazil,1,100.0,0.0,5.0,false
2f3d8b4c9e2ee165075331fea3f3095a,SC,Santa Catarina,Brazil,1,100.0,0.0,5.0,false
31e60bf8d103ce47932a85f5562deb16,GO,Goias,Brazil,1,100.0,0.0,5.0,false
3289d8c3eef4873f91ce0b1343c0dd58,SP,Sao Paulo,Brazil,1,100.0,0.0,5.0,false
3296662b1331dea51e744505065ae889,SP,Sao Paulo,Brazil,1,100.0,0.0,5.0,false
32e5635e63cb374eb63afdd242fb6134,RJ,Rio de Janeiro,Brazil,1,100.0,0.0,5.0,false
32f83ffe11cd40f7adcf4eef171f52d9,RS,Rio Grande do Sul,Brazil,1,100.0,0.0,5.0,false
33fd411ed63a7c2f9005e3f065d9f85d,RS,Rio Grande do Sul,Brazil,1,100.0,0.0,4.0,false
3442033154be05bac582e173ef54fd12,SP,Sao Paulo,Brazil,1,100.0,0.0,5.0,false
34675b28b826facfde119785bf287dc1,PR,Parana,Brazil,1,100.0,0.0,4.0,false
35281d148dcf7134bae913c57db4e6da,SP,Sao Paulo,Brazil,1,100.0,0.0,5.0,false
3606774ec64634822d78dc2db6d37045,SP,Sao Paulo,Brazil,1,100.0,0.0,5.0,false
37303482a42fb700d8d127e70a9cd6c8,SP,Sao Paulo,Brazil,1,100.0,0.0,5.0,false
376d67b61dce0c990155286e7ae486a4,SP,Sao Paulo,Brazil,1,100.0,0.0,4.0,false
377bc18334c78dd2f1535ef22a3ad225,PR,Parana,Brazil,1,100.0,0.0,5.0,false
389e45560e33d2d0747f949dcddbc08e,SP,Sao Paulo,Brazil,1,100.0,0.0,5.0,false
38f276ca6e7cc95a6d1bb55ac9e5550f,SP,Sao Paulo,Brazil,1,100.0,0.0,5.0,false
3986c0b54f6b748b75e7bd4e092aa3e5,PR,Parana,Brazil,1,100.0,0.0,5.0,false
398cb257329ef7af7f1943a8974a3cbc,BA,Bahia,Brazil,1,100.0,0.0,5.0,false
3a3c180dd702a725bd0ba4117689239e,PR,Parana,Brazil,1,100.0,0.0,4.0,false
3a52d63a8f9daf5a28f3626d7eb9bd28,SP,Sao Paulo,Brazil,1,100.0,0.0,1.0,false
3a79f35a2344ede41af21267f61d5ec6,SP,Sao Paulo,Brazil,1,100.0,0.0,1.0,false
3aa3c89ae3cd482385568be76120f63c,GO,Goias,Brazil,1,100.0,0.0,4.0,false
3ac588cd562971392504a9e17130c40b,SP,Sao Paulo,Brazil,1,100.0,0.0,5.0,false
3b18f9856c6eb2413eafedb58e9eecd9,SP,Sao Paulo,Brazil,1,100.0,0.0,5.0,false
3c88ed2e76a2247933a15daa7161eb1c,SP,Sao Paulo,Brazil,1,100.0,0.0,5.0,false
3d2400ac620cffa23ac81bd192f7f555,SP,Sao Paulo,Brazil,1,100.0,0.0,5.0,false
3dc69bf2c42f0568a5c4791ec3fd3745,SP,Sao Paulo,Brazil,1,100.0,0.0,3.0,false
3ded4e2d5f135cb103e5949d7263d2dd,MG,Minas Gerais,Brazil,1,100.0,0.0,5.0,false
3e35a8bb43569389d3cebef0ce820f69,SP,Sao Paulo,Brazil,1,100.0,0.0,5.0,false
3e46a38ee171c503c3b4a3f23fe3bf0c,SP,Sao Paulo,Brazil,1,100.0,0.0,5.0,false
3e51f9cbe317bc3a88f2c76583811ee4,SP,Sao Paulo,Brazil,1,100.0,0.0,5.0,false
3ea08c48e851106d2f584349daba335f,MG,Minas Gerais,Brazil,1,100.0,0.0,4.0,false
3fefda3299e6dfaea3466ef346a3571a,PR,Parana,Brazil,1,100.0,0.0,4.0,false
4003520d80d0bad1d5623f7aa3c63cda,RJ,Rio de Janeiro,Brazil,1,100.0,0.0,1.0,false
4125d9385a25e82d2f72d3a0fd55bc3f,SP,Sao Paulo,Brazil,1,100.0,0.0,5.0,false
417a1e6c7321084d2a0ae0d023cfad93,RS,Rio Grande do Sul,Brazil,1,100.0,0.0,5.0,false
41958cbd3335433c8740300e8cd600d5,SP,Sao Paulo,Brazil,1,100.0,0.0,5.0,false
422be4cc81a457fdb46f47edeb968ae5,SP,Sao Paulo,Brazil,1,100.0,0.0,5.0,false
42d4b7e70819438f5ada61c965e92d7e,GO,Goias,Brazil,1,100.0,0.0,1.0,false
432c67955c0acd1fd6b0b5d678766a71,SP,Sao Paulo,Brazil,1,100.0,0.0,5.0,false
436bf27f2f18474fc6047702e9f8a866,SP,Sao Paulo,Brazil,1,100.0,0.0,5.0,false
43753b27d77860f1654aa72e251a7878,BA,Bahia,Brazil,1,100.0,0.0,5.0,false
43a1d4bab73b816e44ef4e4facd9f9b5,PR,Parana,Brazil,1,100.0,0.0,4.0,false
43a5d4a57af536fddc96d08be3afdfcb,MG,Minas Gerais,Brazil,1,100.0,0.0,1.0,false
443d880f15cbd3572885e1d44bf2c478,SP,Sao Paulo,Brazil,1,100.0,0.0,2.0,false
4450bd8327d471c4a11a83d1445b1b62,SP,Sao Paulo,Brazil,1,100.0,0.0,5.0,false
447d377bdb757058acb569025ee18a93,RS,Rio Grande do Sul,Brazil,1,100.0,0.0,5.0,false
455befea1bb853c75ccbca94cff26e5c,RJ,Rio de Janeiro,Brazil,1,100.0,0.0,3.0,false
455f46ef09a9e45667e2981df84b5cc2,SP,Sao Paulo,Brazil,1,100.0,0.0,4.0,false
45a3d05fb00435e52a28859dd03703b3,SP,Sao Paulo,Brazil,1,100.0,0.0,5.0,false
466222e777149751370e7e98fb623b0c,RJ,Rio de Janeiro,Brazil,1,100.0,0.0,5.0,false
47f55702f598c7c6cc8458b0fbc1c49a,MG,Minas Gerais,Brazil,1,100.0,0.0,5.0,false
48328ec9a579151d9cc6a86d4a59336c,RS,Rio Grande do Sul,Brazil,1,100.0,0.0,2.0,false
483ca627d131e18f988349b1655c0acd,SP,Sao Paulo,Brazil,1,100.0,0.0,5.0,false
4867209cb29b56b92893d7bde3ce8012,SP,Sao Paulo,Brazil,1,100.0,0.0,4.0,false
48e5ee06fb2dc74df1c711a9b6dfac2a,MG,Minas Gerais,Brazil,1,100.0,0.0,5.0,false
491a5ada3aa1678414e990262c4bbdc1,SP,Sao Paulo,Brazil,1,100.0,0.0,5.0,false
4965a7002cca77301c82d3f91b82e1a9,SP,Sao Paulo,Brazil,1,100.0,0.0,5.0,false
497709c2976a8fa308730a2dec5b0726,SP,Sao Paulo,Brazil,1,100.0,0.0,5.0,false
499185655c29ecfdbfe776ef7cf875b5,RS,Rio Grande do Sul,Brazil,1,100.0,0.0,4.0,false
49f8d2ea7b718d0ce587d34207caf2b4,SP,Sao Paulo,Brazil,1,100.0,0.0,5.0,false
4a5b36211b1f51bf7eaa5c10a57fa483,RJ,Rio de Janeiro,Brazil,1,100.0,0.0,5.0,false
4aba6a02a788d3ec81c03137144d9a80,SC,Santa Catarina,Brazil,1,100.0,0.0,5.0,false
4b90495391ac0bd181a80a459df1e718,RS,Rio Grande do Sul,Brazil,1,100.0,0.0,4.0,false
4be9ae93c4fc0f41713d71a4194ee1b3,MG,Minas Gerais,Brazil,1,100.0,0.0,5.0,false
4cc43a222a0f94910728b62b97a8c5f8,SP,Sao Paulo,Brazil,1,100.0,0.0,3.0,false
4cc4fd4fdd406a85bbdc1f824b731bd7,PR,Parana,Brazil,1,100.0,0.0,5.0,false
4dab98ca6cd6d3df586203cefd28a042,RS,Rio Grande do Sul,Brazil,1,100.0,0.0,5.0,false
4dc2e811a1760953cb7c6a590b498943,SP,Sao Paulo,Brazil,1,100.0,0.0,5.0,false
4ddeb3e828550cddc8d45c8bc36ab2d1,SP,Sao Paulo,Brazil,1,100.0,0.0,5.0,false
4e480be820e37de1444325ff358c9296,MG,Minas Gerais,Brazil,1,100.0,0.0,5.0,false
4e92348462c75b6c842b994ce84a0ed4,RS,Rio Grande do Sul,Brazil,1,100.0,0.0,5.0,false
4fae87d32467e18eb46e4a76a0a0b9ce,RS,Rio Grande do Sul,Brazil,1,100.0,0.0,5.0,false
50a7e551a7b3f8d37cd6e32d8bfbe5ea,SP,Sao Paulo,Brazil,1,100.0,0.0,5.0,false
50bf89f1349bc0409a268c3a49678009,SP,Sao Paulo,Brazil,1,100.0,0.0,5.0,false
51209b446b2073894bdc0face6c73ffc,ES,Espirito Santo,Brazil,1,100.0,0.0,4.0,false
51e0557bc7b86de13e946c60ee91ce39,MG,Minas Gerais,Brazil,1,100.0,0.0,5.0,false
52831e5990d0771cb4951d6f12928167,SP,Sao Paulo,Brazil,1,100.0,0.0,3.0,false
52b53f7061969fe471d119b6195da864,SP,Sao Paulo,Brazil,1,100.0,0.0,5.0,false
52f6f9f13ba19504c02781132a049e75,PR,Parana,Brazil,1,100.0,0.0,2.0,false
5305693ffae2d3463377b1f6fe67b15a,SP,Sao Paulo,Brazil,1,100.0,0.0,5.0,false
53336f97ddbe53e2a617d07b17447b95,SP,Sao Paulo,Brazil,1,100.0,0.0,5.0,false
5415337f1863452476d42d9f14a16a61,MG,Minas Gerais,Brazil,1,100.0,0.0,3.0,false
544863df86ed3b78a04e0820d41430ee,ES,Espirito Santo,Brazil,1,100.0,0.0,5.0,false
57a834594e1e9e9219603bfec184eadc,RS,Rio Grande do Sul,Brazil,1,100.0,0.0,5.0,false
585175ec331ea177fa47199e39a6170a,MG,Minas Gerais,Brazil,1,100.0,0.0,5.0,false
58e4b302b54937e55a678c4d15111da4,PR,Parana,Brazil,1,100.0,0.0,5.0,false
5996cddab893a4652a15592fb58ab8db,SP,Sao Paulo,Brazil,1,100.0,0.0,5.0,false
59de1d4c8c057c2a53acd4ca66531af2,PR,Parana,Brazil,1,100.0,0.0,5.0,false
5a32c398a06c345440bf2a683b017ad3,RJ,Rio de Janeiro,Brazil,1,100.0,0.0,5.0,false
5a4236931428800e9d9cc04af0987118,SP,Sao Paulo,Brazil,1,100.0,0.0,5.0,false
5a9b3bcab695173c820e53934574ae80,SP,Sao Paulo,Brazil,1,100.0,0.0,5.0,false
5b92bfa4120daa27c574daa2e386c693,SP,Sao Paulo,Brazil,1,100.0,0.0,3.0,false
5bba18b40e8c973b0f32e748004775b0,SP,Sao Paulo,Brazil,1,100.0,0.0,5.0,false
5d043cd5512d4bd2f88e5ccdd5736c38,SP,Sao Paulo,Brazil,1,100.0,0.0,2.0,false
5d9f3746e112e696f98ea22c56b3e912,SP,Sao Paulo,Brazil,1,100.0,0.0,5.0,false
5db42a6cd9bf1bf0d3aab9582767f168,ES,Espirito Santo,Brazil,1,100.0,0.0,5.0,false
5e063e85d44b0f5c3e6ec3131103a57e,SP,Sao Paulo,Brazil,1,100.0,0.0,5.0,false
5e106d93b717c2682b9383da480364a1,PR,Parana,Brazil,1,100.0,0.0,5.0,false
5e25c632f9db6cfb8bc100421c2737b6,SC,Santa Catarina,Brazil,1,100.0,0.0,5.0,false
5f57db27027655e6c6a391601daa0258,ES,Espirito Santo,Brazil,1,100.0,0.0,5.0,false
6179a28a13a726c29b3bf54c070dccab,MG,Minas Gerais,Brazil,1,100.0,0.0,5.0,false
61c36f0fc4a47f9532e5512b66668e62,SP,Sao Paulo,Brazil,1,100.0,0.0,1.0,false
6235903333ba7de1928c869e268e5964,SC,Santa Catarina,Brazil,1,100.0,0.0,5.0,false
623ad9d0c1e14bb5464a8c72bff7b4af,MG,Minas Gerais,Brazil,1,100.0,0.0,4.0,false
62de60d81c55c29d76a6bce418b31cef,SP,Sao Paulo,Brazil,1,100.0,0.0,4.0,false
630008e0f062605a415d694489f6f82e,SP,Sao Paulo,Brazil,1,100.0,0.0,5.0,false
63191ead8d3b2f937cd1996fdcbbad20,SP,Sao Paulo,Brazil,1,100.0,0.0,5.0,false
64c9a1db4e73e19aaafd3286dc448c96,PR,Parana,Brazil,1,100.0,0.0,5.0,false
651530bf5c607240ccdd89a30c9c9712,BA,Bahia,Brazil,1,100.0,0.0,4.0,false
6561d6bf844e464b4019442692b40e02,SP,Sao Paulo,Brazil,1,100.0,0.0,5.0,false
6614814a00d344b846ae209f95ee7e3f,SP,Sao Paulo,Brazil,1,100.0,0.0,1.0,false
6624bc09786f0e41ae48dfc5eeb1a9e2,MG,Minas Gerais,Brazil,1,100.0,0.0,5.0,false
668bf321538e5072858eaef6087ce027,PR,Parana,Brazil,1,100.0,0.0,5.0,false
674207551483fec113276b67b0d871ff,SP,Sao Paulo,Brazil,1,100.0,0.0,5.0,false
686886775c8f6b1191c7b953fb52708c,SP,Sao Paulo,Brazil,1,100.0,0.0,5.0,false
695051e2981c8b19e77cafe450d5bdf3,SP,Sao Paulo,Brazil,1,100.0,0.0,5.0,false
698624c6632eeba1774924dbea24c700,SP,Sao Paulo,Brazil,1,100.0,0.0,5.0,false
6a3139c7bf09ece22a4713d956acbe5e,SP,Sao Paulo,Brazil,1,100.0,0.0,5.0,false
6b1c4d4d9ccf0be3d8544eb0e71e5318,RS,Rio Grande do Sul,Brazil,1,100.0,0.0,5.0,false
6b2612338467c08c9b25f0cc55b1578d,PR,Parana,Brazil,1,100.0,0.0,4.0,false
6bcb2352a2a0c38b845f598298ab9d26,PR,Parana,Brazil,1,100.0,0.0,5.0,false
6c6cc59a5c00cacc5054ca06d65cc282,RS,Rio Grande do Sul,Brazil,1,100.0,0.0,5.0,false
6c77cd583b36a13aacccf2b3ee23e233,SP,Sao Paulo,Brazil,1,100.0,0.0,5.0,false
6dc9bec584588412a6a338830946a3e4,SP,Sao Paulo,Brazil,1,100.0,0.0,2.0,false
6dd7dce75cd55c1ce255dc38d9f0cd46,SC,Santa Catarina,Brazil,1,100.0,0.0,4.0,false
6ebf4eceee4dd9847201c82e77ef8123,RJ,Rio de Janeiro,Brazil,1,100.0,0.0,5.0,false
702835e4b785b67a084280efca355756,MG,Minas Gerais,Brazil,1,100.0,0.0,5.0,false
70c0fda4c313d87115644d39e62eec60,PE,Pernambuco,Brazil,1,100.0,0.0,5.0,false
70c4eedec9cb4a85cda2f3f9673557b4,SP,Sao Paulo,Brazil,1,100.0,0.0,5.0,false
70ee69419916dc13e3aed619061f996c,SP,Sao Paulo,Brazil,1,100.0,0.0,3.0,false
70f7e8018e3d46c748c92f026aa2585a,SP,Sao Paulo,Brazil,1,100.0,0.0,5.0,false
712efd3b68f9686dc856b84abd0f21ae,PR,Parana,Brazil,1,100.0,0.0,4.0,false
7178e1eaa97257d8b6d4b80efd77a025,SP,Sao Paulo,Brazil,1,100.0,0.0,5.0,false
720e6cf846ea7572cbb66b743fb91e6c,SP,Sao Paulo,Brazil,1,100.0,0.0,5.0,false
723a46b89fd5c3ed78ccdf039e33ac63,RS,Rio Grande do Sul,Brazil,1,100.0,0.0,4.0,false
72431a818f97fe6ab9c81eee3e297e54,SP,Sao Paulo,Brazil,1,100.0,0.0,5.0,false
72c73be2b085b9d57650dd53eb2004c9,SP,Sao Paulo,Brazil,1,100.0,0.0,5.0,false
740205fedfe4e90ca6857bc77db0f2b4,SP,Sao Paulo,Brazil,1,100.0,0.0,5.0,false
7494d0dcba8551df6cf37f1b905dc2f7,SP,Sao Paulo,Brazil,1,100.0,0.0,3.0,false
749e7cdabbaf72f16677859e27874ba5,SP,Sao Paulo,Brazil,1,100.0,0.0,1.0,false
751e274377499a8503fd6243ad9c56f6,SP,Sao Paulo,Brazil,1,100.0,0.0,5.0,false
75fdd0a732287f9497b179f6bd445d32,SP,Sao Paulo,Brazil,1,100.0,0.0,5.0,false
76d336555bb25f3165d2f0d6da719c40,SP,Sao Paulo,Brazil,1,100.0,0.0,3.0,false
77128dec4bec4878c37ab7d6169d6f26,SP,Sao Paulo,Brazil,1,100.0,0.0,5.0,false
7816cd9c5b1238e320545f5bf7eb80e8,SP,Sao Paulo,Brazil,1,100.0,0.0,4.0,false
782f78b632a43875dd5b53e3e49c9564,SP,Sao Paulo,Brazil,1,100.0,0.0,5.0,false
78813699ffac347fe27dba345a5f1551,RS,Rio Grande do Sul,Brazil,1,100.0,0.0,5.0,false
7957cac1a02f45d0a4a7e45626382ec2,PR,Parana,Brazil,1,100.0,0.0,4.0,false
7963e546f34e098b578f9ad102494601,SP,Sao Paulo,Brazil,1,100.0,0.0,5.0,false
7994081388d55b9cf976c050653dd359,SP,Sao Paulo,Brazil,1,100.0,0.0,5.0,false
79b93a308a97792cf53ac75f46da00b5,RJ,Rio de Janeiro,Brazil,1,100.0,0.0,5.0,false
7a704e63bb29c446869efde5d57524c8,PR,Parana,Brazil,1,100.0,0.0,5.0,false
7ab0dd5487bab2dc835337b244f689fb,SP,Sao Paulo,Brazil,1,100.0,0.0,5.0,false
7b3447b497e55af8c15fc7bd89d7b81a,SP,Sao Paulo,Brazil,1,100.0,0.0,5.0,false
7b3f6ce5c6c22e9b96e7581ebf0df6e1,SP,Sao Paulo,Brazil,1,100.0,0.0,3.0,false
7bb8fac2913a6064ec412e583c6d8b4d,SP,Sao Paulo,Brazil,1,100.0,0.0,5.0,false
7c4402417d51474d4d0cda9557340e40,SP,Sao Paulo,Brazil,1,100.0,0.0,5.0,false
7caa63f175b1cecbfaadd8b5ab9998c7,SP,Sao Paulo,Brazil,1,100.0,0.0,1.0,false
7cb946b1ad19faebe28c3e86c2794ec3,MG,Minas Gerais,Brazil,1,100.0,0.0,5.0,false
7cf4ea70955b00d6b3c22542598e2715,SP,Sao Paulo,Brazil,1,100.0,0.0,5.0,false
7d81e74a4755b552267cd5e081563028,SP,Sao Paulo,Brazil,1,100.0,0.0,4.0,false
7dc9a3355bae96dd82008b313d3a456c,MG,Minas Gerais,Brazil,1,100.0,0.0,5.0,false
7f02656561b680def9986c0795a8a080,SP,Sao Paulo,Brazil,1,100.0,0.0,5.0,false
804287717b9156fb7a787acd9af4fac1,PR,Parana,Brazil,1,100.0,0.0,5.0,false
80cfd480be3eb6d6267139f5cb793555,SP,Sao Paulo,Brazil,1,100.0,0.0,4.0,false
8132b9bd16876e1b0f8808d43825dd48,SC,Santa Catarina,Brazil,1,100.0,0.0,5.0,false
820c7c9eaf76d2b226b6c242bcf3f34d,SP,Sao Paulo,Brazil,1,100.0,0.0,4.0,false
82921991ff5b557b045605b8bbf08d49,SP,Sao Paulo,Brazil,1,100.0,0.0,5.0,false
850857dfac77488c307e2b1cbd84ab5a,PR,Parana,Brazil,1,100.0,0.0,5.0,false
87b4428a334b8f676fd9a7f3bf544fb5,SP,Sao Paulo,Brazil,1,100.0,0.0,5.0,false
87d73636a3acf123e842bb890a4db036,SP,Sao Paulo,Brazil,1,100.0,0.0,5.0,false
880ce4951cf857ab1d9e0b75c1d856f4,MG,Minas Gerais,Brazil,1,100.0,0.0,5.0,false
889009a0ed0bb52c87819941192931b8,SP,Sao Paulo,Brazil,1,100.0,0.0,4.0,false
88cd3681e0a2ba85e190f7d817629c4c,SC,Santa Catarina,Brazil,1,100.0,0.0,4.0,false
8936ba0de1073ee888cb3185ae5dc661,SP,Sao Paulo,Brazil,1,100.0,0.0,5.0,false
89dda63a3c907c468ec88c310ed91213,SP,Sao Paulo,Brazil,1,100.0,0.0,5.0,false
8b11118053756a9a2932f447e11fc1b5,SP,Sao Paulo,Brazil,1,100.0,0.0,3.0,false
8b181ee5518df84f18f4e1a43fe07923,SP,Sao Paulo,Brazil,1,100.0,0.0,5.0,false
8c91bfea4263b8fba54081460693e2a1,RS,Rio Grande do Sul,Brazil,1,100.0,0.0,5.0,false
8cb7c5ddf41f4d506eba76e9a4702a25,GO,Goias,Brazil,1,100.0,0.0,5.0,false
8cf21434553b02cbd37c0bbd07e041b0,SC,Santa Catarina,Brazil,1,100.0,0.0,4.0,false
8dd386be0767c330276ea6a3f96532d3,SC,Santa Catarina,Brazil,1,100.0,0.0,5.0,false
8de8fe3af4449ed695d2434c933ed73e,SP,Sao Paulo,Brazil,1,100.0,0.0,5.0,false
8ec76bb0965af3f007692b26fa9d6623,SC,Santa Catarina,Brazil,1,100.0,0.0,5.0,false
8fb67a334bacec338885b4e9e1708073,PR,Parana,Brazil,1,100.0,0.0,5.0,false
8fd3b4468f6425810648177996c14cbd,SP,Sao Paulo,Brazil,1,100.0,0.0,5.0,false
913fd0ebba70bb919f7254a02239173c,SC,Santa Catarina,Brazil,1,100.0,0.0,1.0,false
9140ef75cc8211c4035935e80e567204,PR,Parana,Brazil,1,100.0,0.0,5.0,false
9200e6ce317b67196b6b0bad4d4bd567,RJ,Rio de Janeiro,Brazil,1,100.0,0.0,3.0,false
9315e491484b1b0081ca166fc164108d,PR,Parana,Brazil,1,100.0,0.0,3.0,false
933446e9a59dece7ae9175103820ca8f,PR,Parana,Brazil,1,100.0,0.0,5.0,false
934ed5cd1b9c1c7382d0a94a94b9e639,PR,Parana,Brazil,1,100.0,0.0,5.0,false
93bef6edaa84956e8e575016449b6351,SP,Sao Paulo,Brazil,1,100.0,0.0,5.0,false
94165aea8a35c3c21499cbcae239b16c,MG,Minas Gerais,Brazil,1,100.0,0.0,2.0,false
94d76e96eedd976258cd3278ce56d5f2,SP,Sao Paulo,Brazil,1,100.0,0.0,5.0,false
9523fb39dd240aa958e040f8183d64f3,SP,Sao Paulo,Brazil,1,100.0,0.0,1.0,false
9558aa23f77a9e0a0eca83540999f43b,PR,Parana,Brazil,1,100.0,0.0,5.0,false
9599519be538b98748162a2b48248960,SP,Sao Paulo,Brazil,1,100.0,0.0,1.0,false
95cca791657aabeff15a07eb152d7841,PR,Parana,Brazil,1,100.0,0.0,5.0,false
964ff64dc05b13811c6d0f41e0aa5f6b,SP,Sao Paulo,Brazil,1,100.0,0.0,5.0,false
96f7c797de9ca20efbe14545bed63eec,SP,Sao Paulo,Brazil,1,100.0,0.0,1.0,false
97e50a621f8e801f4baf69e08687c192,SP,Sao Paulo,Brazil,1,100.0,0.0,5.0,false
98f52e1020fe788c10c0418de4393fec,RJ,Rio de Janeiro,Brazil,1,100.0,0.0,4.0,false
99a25c39b28a74d1151c35c18d178292,SP,Sao Paulo,Brazil,1,100.0,0.0,5.0,false
9b00cad94ef3078faf6fba2e792c158f,MG,Minas Gerais,Brazil,1,100.0,0.0,5.0,false
9c3a1c416c765687bc79a04113269929,MG,Minas Gerais,Brazil,1,100.0,0.0,1.0,false
9d69ba0a7a626a64dc5db08e529559cf,SP,Sao Paulo,Brazil,1,100.0,0.0,5.0,false
9e25199f6ef7e7c347120ff175652c3b,SP,Sao Paulo,Brazil,1,100.0,0.0,4.0,false
9e94fa26a70ede4d26226e918e8706a2,SP,Sao Paulo,Brazil,1,100.0,0.0,5.0,false
9fbd5666d8618fa571c4230fafa09bd6,SP,Sao Paulo,Brazil,1,100.0,0.0,5.0,false
9fe7c6641c79970ab48185498f547c09,SP,Sao Paulo,Brazil,1,100.0,0.0,5.0,false
a09a13f18ed27932d08438aa6f12756e,RS,Rio Grande do Sul,Brazil,1,100.0,0.0,3.0,false
a1040efe9ff4a6f93c28b0499eada8f5,SP,Sao Paulo,Brazil,1,100.0,0.0,5.0,false
a150c540f572d0fb53992264bc5c10b5,SP,Sao Paulo,Brazil,1,100.0,0.0,4.0,false
a1bea9970d8f65b240555f99c2214f7f,PR,Parana,Brazil,1,100.0,0.0,3.0,false
a213f1bd6458f4a158f3746cb2514559,PR,Parana,Brazil,1,100.0,0.0,5.0,false
a2b911e9ad40dc7d61c142a4683e2d85,RJ,Rio de Janeiro,Brazil,1,100.0,0.0,5.0,false
a353b1083c9863d756d9404695016d64,ES,Espirito Santo,Brazil,1,100.0,0.0,5.0,false
a3b42d266fa8afc874b909422ce88582,SP,Sao Paulo,Brazil,1,100.0,0.0,5.0,false
a3fa18b3f688ec0fca3eb8bfcbd2d5b3,SP,Sao Paulo,Brazil,1,100.0,0.0,5.0,false
a45765f8afb1e594b22bf9e974b46765,SP,Sao Paulo,Brazil,1,100.0,0.0,4.0,false
a4b8d97cd5d3674eeff96abc99d8ed67,SP,Sao Paulo,Brazil,1,100.0,0.0,1.0,false
a4fc6eadaff1576af888509a53420f6a,SP,Sao Paulo,Brazil,1,100.0,0.0,3.0,false
a56a8043ebf66e42119618fb8cf232c6,SC,Santa Catarina,Brazil,1,100.0,0.0,5.0,false
a61cc04793308395a840807104365121,SP,Sao Paulo,Brazil,1,100.0,0.0,5.0,false
a663d9c3797e90eac99ff60939416a56,SP,Sao Paulo,Brazil,1,100.0,0.0,5.0,false
a72f15980dc3e9bfd1a49ac9b2f3af65,SP,Sao Paulo,Brazil,1,100.0,0.0,4.0,false
a7c53f6b3b61adbdaa99dda97e8cbd56,SP,Sao Paulo,Brazil,1,100.0,0.0,4.0,false
a7ecf689b40a44361e259b28939023e4,ES,Espirito Santo,Brazil,1,100.0,0.0,5.0,false
a89e143d5211473ae18db9577ee34b64,SP,Sao Paulo,Brazil,1,100.0,0.0,5.0,false
a9415cf907dfa12f9ed18693244f5329,MG,Minas Gerais,Brazil,1,100.0,0.0,5.0,false
a99504ac23ed125aaf5302af6cc30af9,SP,Sao Paulo,Brazil,1,100.0,0.0,5.0,false
a9ae440659f48b7849df83e82734150b,SP,Sao Paulo,Brazil,1,100.0,0.0,5.0,false
aa2640d851ec322526f1295bbeb20092,SP,Sao Paulo,Brazil,1,100.0,0.0,3.0,false
aa8af66c623d7d544dfe4bb85b5ebe3b,MG,Minas Gerais,Brazil,1,100.0,0.0,5.0,false
aadfe0417e61315688b6bd7043361e25,GO,Goias,Brazil,1,100.0,0.0,4.0,false
ab75b89cc49c9ab3160d0c91565a442a,SP,Sao Paulo,Brazil,1,100.0,0.0,1.0,false
ac9b01377919cdbd2a1bbb8d5837c70b,SP,Sao Paulo,Brazil,1,100.0,0.0,3.0,false
ad14615bdd492b01b0d97922e87cb87f,SC,Santa Catarina,Brazil,1,100.0,0.0,5.0,false
ae45ad30c2d2e5913094769690a239d2,SP,Sao Paulo,Brazil,1,100.0,0.0,5.0,false
ae9690c6e8fee182c28c9ff8e11ca52c,SP,Sao Paulo,Brazil,1,100.0,0.0,5.0,false
aec99834ab5d38ead22766ada8497e87,PR,Parana,Brazil,1,100.0,0.0,5.0,false
b00af24704019bd2e1b335e70ad11f7c,BA,Bahia,Brazil,1,100.0,0.0,5.0,false
b026643914f651e8371425e5b8a1e780,RJ,Rio de Janeiro,Brazil,1,100.0,0.0,5.0,false
b19c48688808720822399ffa9f2dbe2f,SP,Sao Paulo,Brazil,1,100.0,0.0,5.0,false
b2f4d63c7203f539a78252565ca32257,RJ,Rio de Janeiro,Brazil,1,100.0,0.0,5.0,false
b3809b8d4394588a47c8470ea331e135,SP,Sao Paulo,Brazil,1,100.0,0.0,4.0,false
b5b800c4065bebf4d3442311c9857344,SP,Sao Paulo,Brazil,1,100.0,0.0,5.0,false
b5d034ac251546e25afe9067f05c1539,SP,Sao Paulo,Brazil,1,100.0,0.0,5.0,false
b5dd7151a92ccaaa282cbe9681a05f44,SP,Sao Paulo,Brazil,1,100.0,0.0,5.0,false
b5f0712d22a873b6797ab6cc65c3fcba,SP,Sao Paulo,Brazil,1,100.0,0.0,4.0,false
b5f49fe968dff6b112861e6cd8e192ef,PR,Parana,Brazil,1,100.0,0.0,5.0,false
b6f52e346160519c24a23af05410ad32,SP,Sao Paulo,Brazil,1,100.0,0.0,4.0,false
b76f4d90e85657a240495c876313adc5,SP,Sao Paulo,Brazil,1,100.0,0.0,5.0,false
b77a27b1864483e721dc831d5ba4afa0,RJ,Rio de Janeiro,Brazil,1,100.0,0.0,5.0,false
b7ba853e9551f4558440881fd3e5c815,RS,Rio Grande do Sul,Brazil,1,100.0,0.0,1.0,false
b7d5b4b87af9d42b601865d3f3810bff,SC,Santa Catarina,Brazil,1,100.0,0.0,3.0,false
b86a47b3366e3b5424a7b225781f4908,MG,Minas Gerais,Brazil,1,100.0,0.0,3.0,false
b9de031b671cd48b28fae9d828cbf2b4,SP,Sao Paulo,Brazil,1,100.0,0.0,5.0,false
ba8e85df286308fe68a2ce83a8f8b2d6,SC,Santa Catarina,Brazil,1,100.0,0.0,5.0,false
bab0a8cd684e41ba6e2637dca0979d3b,RJ,Rio de Janeiro,Brazil,1,100.0,0.0,5.0,false
babcc0ab201e4c60188427cae51a5b8b,SP,Sao Paulo,Brazil,1,100.0,0.0,5.0,false
bac44fa8e13424950488659b5f765c41,SP,Sao Paulo,Brazil,1,100.0,0.0,5.0,false
bac692d6c0ed08467878018e6cc9c26c,SC,Santa Catarina,Brazil,1,100.0,0.0,4.0,false
baeda7047354773262ba2405f97038ba,SP,Sao Paulo,Brazil,1,100.0,0.0,5.0,false
baf15155e37ef5492731459bdc05be8a,SP,Sao Paulo,Brazil,1,100.0,0.0,5.0,false
bba8d0c234a52b87b3957037a215d1a4,GO,Goias,Brazil,1,100.0,0.0,5.0,false
bbf4a892cac7b82422baa711dffb8997,PR,Parana,Brazil,1,100.0,0.0,5.0,false
bc39d8938f90a3a2b98193723ed59774,SP,Sao Paulo,Brazil,1,100.0,0.0,4.0,false
bd43e172d599bed47a85da877172ca8c,SC,Santa Catarina,Brazil,1,100.0,0.0,5.0,false
bd65d163ded559eb90a10cd09fec178f,SP,Sao Paulo,Brazil,1,100.0,0.0,4.0,false
be67f78487e2cecb0d55bc769709e4f5,MG,Minas Gerais,Brazil,1,100.0,0.0,5.0,false
be7a093e5b4d147b36b72bb1f9e415e5,PR,Parana,Brazil,1,100.0,0.0,5.0,false
bee36b4f9a2b9fdcaff6ec05df202ed0,SP,Sao Paulo,Brazil,1,100.0,0.0,5.0,false
c00396cbdd2e088fe4281baa5920aef1,PR,Parana,Brazil,1,100.0,0.0,5.0,false
c026ef0d72e9132d9fa112308090c8dc,RJ,Rio de Janeiro,Brazil,1,100.0,0.0,4.0,false
c092292535a57dacd95a8765f5518f87,RJ,Rio de Janeiro,Brazil,1,100.0,0.0,5.0,false
c0e0b73d039eb9a99b6ce4cb7a429cd3,SC,Santa Catarina,Brazil,1,100.0,0.0,5.0,false
c0e6839516f5398edc34adf5f1d53d1a,SP,Sao Paulo,Brazil,1,100.0,0.0,5.0,false
c0f3eea2e14555b6faeea3dd58c1b1c3,SP,Sao Paulo,Brazil,1,100.0,0.0,5.0,false
c12d7463a579237ffb9248bd7cff378b,SP,Sao Paulo,Brazil,1,100.0,0.0,4.0,false
c18309219e789960add0b2255ca4b091,RJ,Rio de Janeiro,Brazil,1,100.0,0.0,5.0,false
c1dde11f12d05c478f5de2d7319ad3b2,SP,Sao Paulo,Brazil,1,100.0,0.0,1.0,false
c240c4061717ac1806ae6ee72be3533b,RJ,Rio de Janeiro,Brazil,1,100.0,0.0,4.0,false
c286ec035ee04ba81c97508f0b5df544,PR,Parana,Brazil,1,100.0,0.0,4.0,false
c2bda99904207edd1834f03e0022b007,SP,Sao Paulo,Brazil,1,100.0,0.0,4.0,false
c360e4787614ed31ac7a2f95d3b22dc6,SP,Sao Paulo,Brazil,1,100.0,0.0,2.0,false
c3e2398fcc7e581cda2e546557bf6968,SP,Sao Paulo,Brazil,1,100.0,0.0,5.0,false
c43d924a0f1688ee9fae0efcd6f539d4,RJ,Rio de Janeiro,Brazil,1,100.0,0.0,4.0,false
c52c644cc0dc85121207a27013efc6af,MG,Minas Gerais,Brazil,1,100.0,0.0,5.0,false
c716e0b86ed568878475b60fbb6323ad,SP,Sao Paulo,Brazil,1,100.0,0.0,5.0,false
c7246702dc991a06d788120dc7544391,CE,Ceara,Brazil,1,100.0,0.0,5.0,false
c747d5b92c7648417faea95d36d763e8,CE,Ceara,Brazil,1,100.0,0.0,5.0,false
c74f14c1e26cf1bd5bd34b6a1e274426,SC,Santa Catarina,Brazil,1,100.0,0.0,5.0,false
c8143b3069f6746a77421b5ce30a450c,GO,Goias,Brazil,1,100.0,0.0,5.0,false
c8665a4dd081a2c436b1cd921079d0d9,SP,Sao Paulo,Brazil,1,100.0,0.0,5.0,false
c8771b1a10bb99bb34d3c459c5cffb53,SP,Sao Paulo,Brazil,1,100.0,0.0,5.0,false
c87abc38c8ed3240861729e1aeadf221,SP,Sao Paulo,Brazil,1,100.0,0.0,1.0,false
c963a25b8671419c6ce9eebe8fd03218,RJ,Rio de Janeiro,Brazil,1,100.0,0.0,5.0,false
c97aa4ee7420f937da13b7f9e2228b99,RS,Rio Grande do Sul,Brazil,1,100.0,0.0,1.0,false
c9d2ba8dde44a275ae06475ed1d2fafc,MG,Minas Gerais,Brazil,1,100.0,0.0,5.0,false
cad10cc982ab6a391570c211b995c17c,SP,Sao Paulo,Brazil,1,100.0,0.0,5.0,false
cad9969167c09b48ae6f1d123f7fa68d,MG,Minas Gerais,Brazil,1,100.0,0.0,5.0,false
cb162c8eef257253782d245c08d9097c,SP,Sao Paulo,Brazil,1,100.0,0.0,5.0,false
cb4a705d00e100b9732d0ca34817d441,SC,Santa Catarina,Brazil,1,100.0,0.0,1.0,false
cb810bd318f51b3dc3c753944d61a1fa,RJ,Rio de Janeiro,Brazil,1,100.0,0.0,4.0,false
cbbd5ae8f53de5f5097cd8217b529e24,SP,Sao Paulo,Brazil,1,100.0,0.0,4.0,false
cc1f04647be106ba74e62b21f358af25,SP,Sao Paulo,Brazil,1,100.0,0.0,1.0,false
ccbd753e6863fe7314dc6c0ca5a074e7,SC,Santa Catarina,Brazil,1,100.0,0.0,4.0,false
cd2169d9f31ff6fbb9ca3373b0c9e354,RJ,Rio de Janeiro,Brazil,1,100.0,0.0,4.0,false
cd233f8bfa30ebfd651f47ee7d054951,SP,Sao Paulo,Brazil,1,100.0,0.0,5.0,false
ce33c6211beaa8fef4cae8b52db39862,SP,Sao Paulo,Brazil,1,100.0,0.0,3.0,false
ce3ad9de960102d0677a81f5d0bb7b2d,RJ,Rio de Janeiro,Brazil,1,100.0,0.0,5.0,false
ce4755084bc097113867e6454f8f5e52,SP,Sao Paulo,Brazil,1,100.0,0.0,5.0,false
cecd97bc34ed8330bd4cd15713eda670,SC,Santa Catarina,Brazil,1,100.0,0.0,1.0,false
d180e07dc1e58c31c3f0cd599dc4d945,MG,Minas Gerais,Brazil,1,100.0,0.0,3.0,false
d2572f31e9023e9850ef986a636ff9bf,MG,Minas Gerais,Brazil,1,100.0,0.0,5.0,false
d263fa444c1504a75cbca5cc465f592a,SP,Sao Paulo,Brazil,1,100.0,0.0,5.0,false
d297f1055de2956aedfd3b04113dce3e,SP,Sao Paulo,Brazil,1,100.0,0.0,4.0,false
d36b07fd3c5088e477a72d1fccfe29d4,SP,Sao Paulo,Brazil,1,100.0,0.0,5.0,false
d3e7d37c0df9aef383f3f2a15b0dddfb,PR,Parana,Brazil,1,100.0,0.0,5.0,false
d4828feed4cda2cd9d6b37899a95a71e,CE,Ceara,Brazil,1,100.0,0.0,2.0,false
d4d99b60c4c94cd35acd502cec65dc8d,SP,Sao Paulo,Brazil,1,100.0,0.0,3.0,false
d4f91e8be86b38da2ee35bc489645a9d,SP,Sao Paulo,Brazil,1,100.0,0.0,5.0,false
d598f929fc44e1e38678e7f47250ec04,GO,Goias,Brazil,1,100.0,0.0,5.0,false
d63f306de130e0391d38a792541723b8,SP,Sao Paulo,Brazil,1,100.0,0.0,5.0,false
d6cd01c59123df02fc226eadbadb5f89,SP,Sao Paulo,Brazil,1,100.0,0.0,5.0,false
d7827b2af99326a03b0ed9c7a24db0d3,SP,Sao Paulo,Brazil,1,100.0,0.0,5.0,false
d7d517afce974cd491b8d52bb5b5b1fc,SP,Sao Paulo,Brazil,1,100.0,0.0,4.0,false
d7f1cfc638473be93baedbfd02208016,RJ,Rio de Janeiro,Brazil,1,100.0,0.0,5.0,false
d85efbc8eff2b7adf524e2820569adc8,SP,Sao Paulo,Brazil,1,100.0,0.0,5.0,false
d8b8f2cf9ff6ba0389072541cb42498c,GO,Goias,Brazil,1,100.0,0.0,5.0,false
d8bf0fc082fd4a77fc2e5679b6c00133,SP,Sao Paulo,Brazil,1,100.0,0.0,5.0,false
d93b8458c6fe139d85cfa5eadbf55bd2,SP,Sao Paulo,Brazil,1,100.0,0.0,5.0,false
d9b00a97818674c7f8d8b1ef0e689679,PR,Parana,Brazil,1,100.0,0.0,3.0,false
d9c349beabc06aa6ff1c6d68b5e9e22e,SP,Sao Paulo,Brazil,1,100.0,0.0,5.0,false
da3fede3469bf49b7293ce3fc45b294d,SP,Sao Paulo,Brazil,1,100.0,0.0,5.0,false
db6a4d4b5f1f5f98820ce6ce2619e2de,SP,Sao Paulo,Brazil,1,100.0,0.0,5.0,false
db7ed69a53aa9fb1c01930ba54a88bbe,SP,Sao Paulo,Brazil,1,100.0,0.0,5.0,false
dbc51f5e45d654ecc16cb68e6817ecea,SP,Sao Paulo,Brazil,1,100.0,0.0,4.0,false
dc120d932ddf9d4dfb6fd68beefda622,PR,Parana,Brazil,1,100.0,0.0,1.0,false
dcb7367a92f5ffb89f1e2152ed260285,SP,Sao Paulo,Brazil,1,100.0,0.0,5.0,false
dd264199fc8b687ad029de7de6d760e6,PR,Parana,Brazil,1,100.0,0.0,5.0,false
dd5450b022b2d00a2145a66331e1aef6,SC,Santa Catarina,Brazil,1,100.0,0.0,5.0,false
dd88d13bea9e4c2bf47daf224f8141e5,RS,Rio Grande do Sul,Brazil,1,100.0,0.0,5.0,false
dd9661d3cda1e6feb237f0c4d8b26f2e,SC,Santa Catarina,Brazil,1,100.0,0.0,5.0,false
dda37071807e404c5bb2a1590c66326f,SP,Sao Paulo,Brazil,1,100.0,0.0,5.0,false
dde698c6d0bd24834c586e5111c2bba7,RJ,Rio de Janeiro,Brazil,1,100.0,0.0,5.0,false
e00d85ce20ea50c1224c66ca5050527d,SP,Sao Paulo,Brazil,1,100.0,0.0,4.0,false
e0482f2c769468c3bbcd8a01e09d98c5,SP,Sao Paulo,Brazil,1,100.0,0.0,4.0,false
e0b162a693bc7f9eab00f783a31d60ea,RS,Rio Grande do Sul,Brazil,1,100.0,0.0,5.0,false
e1bed63d68ac36fe1f3061befe196af5,SP,Sao Paulo,Brazil,1,100.0,0.0,5.0,false
e1c76f339ebd5460999f25a2aa8c92c5,SP,Sao Paulo,Brazil,1,100.0,0.0,5.0,false
e3b4998c7a498169dc7bce44e6bb6277,SP,Sao Paulo,Brazil,1,100.0,0.0,5.0,false
e433f5fd4050e3352b5d83522b7fe24b,PR,Parana,Brazil,1,100.0,0.0,4.0,false
e4fc40017a6d22c46a14ac2e17f87c3e,PR,Parana,Brazil,1,100.0,0.0,5.0,false
e5545d4d4473876ea78c5bcebca365c3,SP,Sao Paulo,Brazil,1,100.0,0.0,5.0,false
e595809a6c31ec4314fd06ef198c244d,SC,Santa Catarina,Brazil,1,100.0,0.0,5.0,false
e59e575a175fadcadf8479e191770425,RJ,Rio de Janeiro,Brazil,1,100.0,0.0,5.0,false
e5def42655b7490edac5a56fe8e9e603,SP,Sao Paulo,Brazil,1,100.0,0.0,5.0,false
e64882b4ef12aee8d0faca4db5b681f4,GO,Goias,Brazil,1,100.0,0.0,4.0,false
e64ddbe1cbcf4f2fc3092b7c481f3f9d,SP,Sao Paulo,Brazil,1,100.0,0.0,5.0,false
e72b4feb7abe210c52aa667abc25a3a2,SP,Sao Paulo,Brazil,1,100.0,0.0,5.0,false
e732329483fd5f27367dd997b47f598a,SC,Santa Catarina,Brazil,1,100.0,0.0,5.0,false
e76ecc7e9a1a1e3c6df9d2a8261c423d,MG,Minas Gerais,Brazil,1,100.0,0.0,5.0,false
e8ff5a6ceb895583033fc2a0f314e3c2,SC,Santa Catarina,Brazil,1,100.0,0.0,5.0,false
e908c0f3646e8b60375734a350d95d71,SP,Sao Paulo,Brazil,1,100.0,0.0,4.0,false
e9874ae10b2d60d43917b6bbfa13a599,PR,Parana,Brazil,1,100.0,0.0,5.0,false
e9b6c33b71b67737693b4cfa68341c8d,SP,Sao Paulo,Brazil,1,100.0,0.0,4.0,false
eaaa46e98c9e61f6764dd1d7a2ab8b3e,RN,Rio Grande do Norte,Brazil,1,100.0,0.0,5.0,false
eae9af4811c294c56795d70e715b7337,SP,Sao Paulo,Brazil,1,100.0,0.0,5.0,false
eb1bf309f4f6af9a97e9ddac3fdbeabe,SP,Sao Paulo,Brazil,1,100.0,0.0,5.0,false
eb4a59a06b3948e851a7d7a830bcbc42,BA,Bahia,Brazil,1,100.0,0.0,5.0,false
eb9267cccc90f1b49c8d2f9887c7dd97,PE,Pernambuco,Brazil,1,100.0,0.0,5.0,false
ebd1417732defaf66c50b5a800eb293e,PR,Parana,Brazil,1,100.0,0.0,5.0,false
ec21206b7894c503788a684a7bc822a6,RJ,Rio de Janeiro,Brazil,1,100.0,0.0,3.0,false
edb58a1390adf273840030a3d6253829,SP,Sao Paulo,Brazil,1,100.0,0.0,5.0,false
edb65fe661681b1c0de8bd47c8655855,SP,Sao Paulo,Brazil,1,100.0,0.0,3.0,false
ede2977fbaf3738583170735ca403f6c,PR,Parana,Brazil,1,100.0,0.0,5.0,false
ee27a8f15b1dded4d213a468ba4eb391,GO,Goias,Brazil,1,100.0,0.0,5.0,false
f00f5b35d0abcacbdd863672f4bb2c1a,SP,Sao Paulo,Brazil,1,100.0,0.0,4.0,false
f09b760d23495ac9a7e00d29b769007c,SP,Sao Paulo,Brazil,1,100.0,0.0,4.0,false
f114dca2828bf718548db175ebe2cfcd,PR,Parana,Brazil,1,100.0,0.0,1.0,false
f1fdf2d13186575751aa25876536d85c,SP,Sao Paulo,Brazil,1,100.0,0.0,5.0,false
f26d70155c2b6326fcfa1780c8c684e4,SC,Santa Catarina,Brazil,1,100.0,0.0,5.0,false
f3041c2e75ec683697a6a5ea82192210,MG,Minas Gerais,Brazil,1,100.0,0.0,5.0,false
f307937c1bb287c3efc2a514b94b0d1d,MG,Minas Gerais,Brazil,1,100.0,0.0,5.0,false
f3511c85f59f8dec53d140501ee8e7a8,PR,Parana,Brazil,1,100.0,0.0,5.0,false
f3862c2188522d89860c38a3ea8b550d,SP,Sao Paulo,Brazil,1,100.0,0.0,5.0,false
f43827dd686be3a4a80e00aa299990fb,SP,Sao Paulo,Brazil,1,100.0,0.0,2.0,false
f5b84683a9bf9e1df748cf40f601b39c,SP,Sao Paulo,Brazil,1,100.0,0.0,5.0,false
f7c31656c19db6275a8acadca289f426,SP,Sao Paulo,Brazil,1,100.0,0.0,3.0,false
f8f35af4634605e6693c17cc3ffff5a8,MG,Minas Gerais,Brazil,1,100.0,0.0,5.0,false
f90f77ef2799a27f80d90c425ca944f7,PR,Parana,Brazil,1,100.0,0.0,5.0,false
f9bbdd976532d50b7816d285a22bd01e,SP,Sao Paulo,Brazil,1,100.0,0.0,5.0,false
f9f68daa2af419d38f745478bcb3da1a,SP,Sao Paulo,Brazil,1,100.0,0.0,5.0,false
fa5fdc4e4bb6bd1009ad0e4ac4096562,SP,Sao Paulo,Brazil,1,100.0,0.0,5.0,false
fa8d335d68129e464e60c1826a683e96,RS,Rio Grande do Sul,Brazil,1,100.0,0.0,4.0,false
fb503a924a0b9db19d83dd0ac6dbef8c,RS,Rio Grande do Sul,Brazil,1,100.0,0.0,5.0,false
fc0b214b59a83615fea981c6424a02ae,SP,Sao Paulo,Brazil,1,100.0,0.0,5.0,false
fc4751cfe3b279c419615b9b00c1abb4,PR,Parana,Brazil,1,100.0,0.0,5.0,false
fc5a0d7a310a7a41abf86a458585ff2b,SP,Sao Paulo,Brazil,1,100.0,0.0,4.0,false
fc6295add6f51a0936407ead70c1001d,SP,Sao Paulo,Brazil,1,100.0,0.0,1.0,false
fd435faa3c0422b60440ea3480d0e77c,PB,Paraiba,Brazil,1,100.0,0.0,5.0,false
fdf736c18c589ed030e058312203e1b2,MG,Minas Gerais,Brazil,1,100.0,0.0,5.0,false
fe19dce63ae80346207c6c55713d1023,MG,Minas Gerais,Brazil,1,100.0,0.0,5.0,false
fe9d9cf8631285d5982c6e2cf27fb114,MG,Minas Gerais,Brazil,1,100.0,0.0,4.0,false
feb793c88d836c3a75efa4b5a3465d70,SP,Sao Paulo,Brazil,1,100.0,0.0,5.0,false
fedaedd3ca31d56ab33e92035e4b361c,RJ,Rio de Janeiro,Brazil,1,100.0,0.0,4.0,false
